pipeline,cv_score,generation,holdout_score,holdout_roc_auc_score
"MultinomialNB(input_matrix, MultinomialNB__alpha=1.0, MultinomialNB__fit_prior=False)",0.7805105695317959,0,0.7104776579352851,0.7993836671802774
"MultinomialNB(input_matrix, MultinomialNB__alpha=1.0, MultinomialNB__fit_prior=False)",0.7805105695317959,1,0.7104776579352851,0.7993836671802774
"MultinomialNB(input_matrix, MultinomialNB__alpha=1.0, MultinomialNB__fit_prior=False)",0.7805105695317959,2,0.7104776579352851,0.7993836671802774
"MultinomialNB(input_matrix, MultinomialNB__alpha=1.0, MultinomialNB__fit_prior=False)",0.7805105695317959,3,0.7104776579352851,0.7993836671802774
"GaussianNB(RandomForestClassifier(SelectFwe(input_matrix, SelectFwe__alpha=0.018000000000000002), RandomForestClassifier__bootstrap=False, RandomForestClassifier__criterion=entropy, RandomForestClassifier__max_features=0.2, RandomForestClassifier__min_samples_leaf=14, RandomForestClassifier__min_samples_split=8, RandomForestClassifier__n_estimators=100))",0.788601502445842,3,0.7393425783256291,0.7846944016435542
"MultinomialNB(input_matrix, MultinomialNB__alpha=1.0, MultinomialNB__fit_prior=False)",0.7805105695317959,4,0.7104776579352851,0.7993836671802774
"MultinomialNB(RandomForestClassifier(input_matrix, RandomForestClassifier__bootstrap=True, RandomForestClassifier__criterion=gini, RandomForestClassifier__max_features=0.15000000000000002, RandomForestClassifier__min_samples_leaf=14, RandomForestClassifier__min_samples_split=6, RandomForestClassifier__n_estimators=100), MultinomialNB__alpha=1.0, MultinomialNB__fit_prior=False)",0.7930922431865828,4,0.7133025166923472,0.8025680534155112
"MultinomialNB(input_matrix, MultinomialNB__alpha=1.0, MultinomialNB__fit_prior=False)",0.7805105695317959,5,0.7104776579352851,0.7993836671802774
"MultinomialNB(RandomForestClassifier(input_matrix, RandomForestClassifier__bootstrap=True, RandomForestClassifier__criterion=gini, RandomForestClassifier__max_features=0.15000000000000002, RandomForestClassifier__min_samples_leaf=14, RandomForestClassifier__min_samples_split=6, RandomForestClassifier__n_estimators=100), MultinomialNB__alpha=1.0, MultinomialNB__fit_prior=False)",0.7930922431865828,5,0.7133025166923472,0.8028762198253724
"MultinomialNB(input_matrix, MultinomialNB__alpha=1.0, MultinomialNB__fit_prior=False)",0.7805105695317959,6,0.7104776579352851,0.7993836671802774
"MultinomialNB(SelectPercentile(input_matrix, SelectPercentile__percentile=30), MultinomialNB__alpha=1.0, MultinomialNB__fit_prior=False)",0.801800751222921,6,0.7088854648176682,0.7949666153055984
"MultinomialNB(input_matrix, MultinomialNB__alpha=1.0, MultinomialNB__fit_prior=False)",0.7805105695317959,7,0.7104776579352851,0.7993836671802774
"MultinomialNB(SelectPercentile(input_matrix, SelectPercentile__percentile=30), MultinomialNB__alpha=1.0, MultinomialNB__fit_prior=False)",0.801800751222921,7,0.7088854648176682,0.7949666153055984
"MultinomialNB(input_matrix, MultinomialNB__alpha=1.0, MultinomialNB__fit_prior=False)",0.7805105695317959,8,0.7104776579352851,0.7993836671802774
"MultinomialNB(SelectPercentile(input_matrix, SelectPercentile__percentile=30), MultinomialNB__alpha=1.0, MultinomialNB__fit_prior=False)",0.801800751222921,8,0.7088854648176682,0.7949666153055984
"MultinomialNB(input_matrix, MultinomialNB__alpha=1.0, MultinomialNB__fit_prior=False)",0.7805105695317959,9,0.7104776579352851,0.7993836671802774
"MultinomialNB(SelectPercentile(input_matrix, SelectPercentile__percentile=30), MultinomialNB__alpha=1.0, MultinomialNB__fit_prior=False)",0.801800751222921,9,0.7088854648176682,0.7949666153055984
"MultinomialNB(input_matrix, MultinomialNB__alpha=1.0, MultinomialNB__fit_prior=False)",0.7805105695317959,10,0.7104776579352851,0.7993836671802774
"MultinomialNB(SelectPercentile(input_matrix, SelectPercentile__percentile=30), MultinomialNB__alpha=1.0, MultinomialNB__fit_prior=False)",0.801800751222921,10,0.7088854648176682,0.7949666153055984
"MultinomialNB(input_matrix, MultinomialNB__alpha=1.0, MultinomialNB__fit_prior=False)",0.7805105695317959,11,0.7104776579352851,0.7993836671802774
"MultinomialNB(SelectPercentile(input_matrix, SelectPercentile__percentile=30), MultinomialNB__alpha=1.0, MultinomialNB__fit_prior=False)",0.801800751222921,11,0.7088854648176682,0.7949666153055984
"MultinomialNB(input_matrix, MultinomialNB__alpha=1.0, MultinomialNB__fit_prior=False)",0.7805105695317959,12,0.7104776579352851,0.7993836671802774
"MultinomialNB(SelectPercentile(input_matrix, SelectPercentile__percentile=30), MultinomialNB__alpha=1.0, MultinomialNB__fit_prior=False)",0.801800751222921,12,0.7088854648176682,0.7949666153055984
"MultinomialNB(input_matrix, MultinomialNB__alpha=1.0, MultinomialNB__fit_prior=False)",0.7805105695317959,13,0.7104776579352851,0.7993836671802774
"MultinomialNB(SelectPercentile(input_matrix, SelectPercentile__percentile=30), MultinomialNB__alpha=1.0, MultinomialNB__fit_prior=False)",0.801800751222921,13,0.7088854648176682,0.7949666153055984
"MultinomialNB(input_matrix, MultinomialNB__alpha=1.0, MultinomialNB__fit_prior=False)",0.7805105695317959,14,0.7104776579352851,0.7993836671802774
"MultinomialNB(SelectPercentile(input_matrix, SelectPercentile__percentile=30), MultinomialNB__alpha=1.0, MultinomialNB__fit_prior=False)",0.801800751222921,14,0.7088854648176682,0.7949666153055984
"MultinomialNB(input_matrix, MultinomialNB__alpha=1.0, MultinomialNB__fit_prior=False)",0.7805105695317959,15,0.7104776579352851,0.7993836671802774
"MultinomialNB(SelectPercentile(input_matrix, SelectPercentile__percentile=30), MultinomialNB__alpha=1.0, MultinomialNB__fit_prior=False)",0.801800751222921,15,0.7088854648176682,0.7949666153055984
"MultinomialNB(SelectPercentile(RandomForestClassifier(input_matrix, RandomForestClassifier__bootstrap=True, RandomForestClassifier__criterion=entropy, RandomForestClassifier__max_features=0.1, RandomForestClassifier__min_samples_leaf=9, RandomForestClassifier__min_samples_split=15, RandomForestClassifier__n_estimators=100), SelectPercentile__percentile=30), MultinomialNB__alpha=0.01, MultinomialNB__fit_prior=False)",0.8058586652690426,15,0.6882383153569593,0.7909604519774012
"MultinomialNB(input_matrix, MultinomialNB__alpha=1.0, MultinomialNB__fit_prior=False)",0.7805105695317959,16,0.7104776579352851,0.7993836671802774
"MultinomialNB(SelectPercentile(input_matrix, SelectPercentile__percentile=30), MultinomialNB__alpha=1.0, MultinomialNB__fit_prior=False)",0.801800751222921,16,0.7088854648176682,0.7949666153055984
"MultinomialNB(SelectPercentile(RandomForestClassifier(input_matrix, RandomForestClassifier__bootstrap=True, RandomForestClassifier__criterion=entropy, RandomForestClassifier__max_features=0.1, RandomForestClassifier__min_samples_leaf=9, RandomForestClassifier__min_samples_split=15, RandomForestClassifier__n_estimators=100), SelectPercentile__percentile=30), MultinomialNB__alpha=0.01, MultinomialNB__fit_prior=False)",0.8058586652690426,16,0.6882383153569593,0.7915767847971237
"MultinomialNB(input_matrix, MultinomialNB__alpha=1.0, MultinomialNB__fit_prior=False)",0.7805105695317959,17,0.7104776579352851,0.7993836671802774
"MultinomialNB(SelectPercentile(input_matrix, SelectPercentile__percentile=30), MultinomialNB__alpha=1.0, MultinomialNB__fit_prior=False)",0.801800751222921,17,0.7088854648176682,0.7949666153055984
"MultinomialNB(SelectPercentile(RandomForestClassifier(input_matrix, RandomForestClassifier__bootstrap=True, RandomForestClassifier__criterion=entropy, RandomForestClassifier__max_features=0.1, RandomForestClassifier__min_samples_leaf=9, RandomForestClassifier__min_samples_split=15, RandomForestClassifier__n_estimators=100), SelectPercentile__percentile=30), MultinomialNB__alpha=0.01, MultinomialNB__fit_prior=False)",0.8058586652690426,17,0.7001540832049307,0.7937339496661531
"MultinomialNB(VarianceThreshold(ExtraTreesClassifier(SelectFwe(input_matrix, SelectFwe__alpha=0.012), ExtraTreesClassifier__bootstrap=True, ExtraTreesClassifier__criterion=entropy, ExtraTreesClassifier__max_features=0.7500000000000001, ExtraTreesClassifier__min_samples_leaf=17, ExtraTreesClassifier__min_samples_split=3, ExtraTreesClassifier__n_estimators=100), VarianceThreshold__threshold=0.005), MultinomialNB__alpha=1.0, MultinomialNB__fit_prior=False)",0.8076642208245982,17,0.7013867488443759,0.7921931176168464
"MultinomialNB(input_matrix, MultinomialNB__alpha=1.0, MultinomialNB__fit_prior=False)",0.7805105695317959,18,0.7104776579352851,0.7993836671802774
"MultinomialNB(SelectPercentile(input_matrix, SelectPercentile__percentile=30), MultinomialNB__alpha=1.0, MultinomialNB__fit_prior=False)",0.801800751222921,18,0.7088854648176682,0.7949666153055984
"MultinomialNB(SelectPercentile(RandomForestClassifier(input_matrix, RandomForestClassifier__bootstrap=True, RandomForestClassifier__criterion=entropy, RandomForestClassifier__max_features=0.1, RandomForestClassifier__min_samples_leaf=9, RandomForestClassifier__min_samples_split=15, RandomForestClassifier__n_estimators=100), SelectPercentile__percentile=30), MultinomialNB__alpha=0.001, MultinomialNB__fit_prior=False)",0.8064897798742139,18,0.7001540832049307,0.79301489470981
"MultinomialNB(VarianceThreshold(ExtraTreesClassifier(SelectFwe(input_matrix, SelectFwe__alpha=0.012), ExtraTreesClassifier__bootstrap=True, ExtraTreesClassifier__criterion=entropy, ExtraTreesClassifier__max_features=0.7500000000000001, ExtraTreesClassifier__min_samples_leaf=17, ExtraTreesClassifier__min_samples_split=3, ExtraTreesClassifier__n_estimators=100), VarianceThreshold__threshold=0.005), MultinomialNB__alpha=1.0, MultinomialNB__fit_prior=False)",0.8076642208245982,18,0.6860297894196199,0.7891114535182332
"MultinomialNB(input_matrix, MultinomialNB__alpha=1.0, MultinomialNB__fit_prior=False)",0.7805105695317959,19,0.7104776579352851,0.7993836671802774
"MultinomialNB(SelectPercentile(input_matrix, SelectPercentile__percentile=30), MultinomialNB__alpha=1.0, MultinomialNB__fit_prior=False)",0.801800751222921,19,0.7088854648176682,0.7949666153055984
"MultinomialNB(SelectPercentile(RandomForestClassifier(input_matrix, RandomForestClassifier__bootstrap=True, RandomForestClassifier__criterion=entropy, RandomForestClassifier__max_features=0.1, RandomForestClassifier__min_samples_leaf=9, RandomForestClassifier__min_samples_split=15, RandomForestClassifier__n_estimators=100), SelectPercentile__percentile=30), MultinomialNB__alpha=0.001, MultinomialNB__fit_prior=False)",0.8064897798742139,19,0.6910631741140216,0.788597842835131
"MultinomialNB(VarianceThreshold(ExtraTreesClassifier(SelectFwe(input_matrix, SelectFwe__alpha=0.012), ExtraTreesClassifier__bootstrap=True, ExtraTreesClassifier__criterion=entropy, ExtraTreesClassifier__max_features=0.7500000000000001, ExtraTreesClassifier__min_samples_leaf=17, ExtraTreesClassifier__min_samples_split=3, ExtraTreesClassifier__n_estimators=100), VarianceThreshold__threshold=0.005), MultinomialNB__alpha=1.0, MultinomialNB__fit_prior=False)",0.8076642208245982,19,0.7013867488443759,0.7908577298407807
"MultinomialNB(input_matrix, MultinomialNB__alpha=1.0, MultinomialNB__fit_prior=False)",0.7805105695317959,20,0.7104776579352851,0.7993836671802774
"MultinomialNB(SelectPercentile(input_matrix, SelectPercentile__percentile=30), MultinomialNB__alpha=1.0, MultinomialNB__fit_prior=False)",0.801800751222921,20,0.7088854648176682,0.7949666153055984
"MultinomialNB(SelectPercentile(RandomForestClassifier(input_matrix, RandomForestClassifier__bootstrap=True, RandomForestClassifier__criterion=entropy, RandomForestClassifier__max_features=0.1, RandomForestClassifier__min_samples_leaf=9, RandomForestClassifier__min_samples_split=15, RandomForestClassifier__n_estimators=100), SelectPercentile__percentile=30), MultinomialNB__alpha=0.001, MultinomialNB__fit_prior=False)",0.8064897798742139,20,0.7001540832049307,0.7903441191576784
"MultinomialNB(VarianceThreshold(ExtraTreesClassifier(SelectFwe(input_matrix, SelectFwe__alpha=0.012), ExtraTreesClassifier__bootstrap=True, ExtraTreesClassifier__criterion=entropy, ExtraTreesClassifier__max_features=0.7500000000000001, ExtraTreesClassifier__min_samples_leaf=17, ExtraTreesClassifier__min_samples_split=3, ExtraTreesClassifier__n_estimators=100), VarianceThreshold__threshold=0.005), MultinomialNB__alpha=1.0, MultinomialNB__fit_prior=False)",0.8076642208245982,20,0.7013867488443759,0.7917822290703647
"MultinomialNB(input_matrix, MultinomialNB__alpha=1.0, MultinomialNB__fit_prior=False)",0.7805105695317959,21,0.7104776579352851,0.7993836671802774
"MultinomialNB(SelectPercentile(input_matrix, SelectPercentile__percentile=30), MultinomialNB__alpha=1.0, MultinomialNB__fit_prior=False)",0.801800751222921,21,0.7088854648176682,0.7949666153055984
"MultinomialNB(SelectPercentile(RandomForestClassifier(input_matrix, RandomForestClassifier__bootstrap=True, RandomForestClassifier__criterion=entropy, RandomForestClassifier__max_features=0.1, RandomForestClassifier__min_samples_leaf=9, RandomForestClassifier__min_samples_split=15, RandomForestClassifier__n_estimators=100), SelectPercentile__percentile=30), MultinomialNB__alpha=0.001, MultinomialNB__fit_prior=False)",0.8064897798742139,21,0.6910631741140216,0.792090395480226
"MultinomialNB(VarianceThreshold(ExtraTreesClassifier(SelectFwe(input_matrix, SelectFwe__alpha=0.012), ExtraTreesClassifier__bootstrap=True, ExtraTreesClassifier__criterion=entropy, ExtraTreesClassifier__max_features=0.7500000000000001, ExtraTreesClassifier__min_samples_leaf=17, ExtraTreesClassifier__min_samples_split=3, ExtraTreesClassifier__n_estimators=100), VarianceThreshold__threshold=0.005), MultinomialNB__alpha=1.0, MultinomialNB__fit_prior=False)",0.8076642208245982,21,0.6888546481766821,0.7884951206985106
"MultinomialNB(input_matrix, MultinomialNB__alpha=1.0, MultinomialNB__fit_prior=False)",0.7805105695317959,22,0.7104776579352851,0.7993836671802774
"MultinomialNB(SelectPercentile(input_matrix, SelectPercentile__percentile=30), MultinomialNB__alpha=1.0, MultinomialNB__fit_prior=False)",0.801800751222921,22,0.7088854648176682,0.7949666153055984
"MultinomialNB(SelectPercentile(RandomForestClassifier(input_matrix, RandomForestClassifier__bootstrap=True, RandomForestClassifier__criterion=entropy, RandomForestClassifier__max_features=0.1, RandomForestClassifier__min_samples_leaf=9, RandomForestClassifier__min_samples_split=15, RandomForestClassifier__n_estimators=100), SelectPercentile__percentile=30), MultinomialNB__alpha=0.001, MultinomialNB__fit_prior=False)",0.8064897798742139,22,0.6819722650231125,0.7917822290703648
"MultinomialNB(VarianceThreshold(ExtraTreesClassifier(SelectFwe(input_matrix, SelectFwe__alpha=0.012), ExtraTreesClassifier__bootstrap=True, ExtraTreesClassifier__criterion=entropy, ExtraTreesClassifier__max_features=0.7500000000000001, ExtraTreesClassifier__min_samples_leaf=17, ExtraTreesClassifier__min_samples_split=3, ExtraTreesClassifier__n_estimators=100), VarianceThreshold__threshold=0.005), MultinomialNB__alpha=1.0, MultinomialNB__fit_prior=False)",0.8076642208245982,22,0.6979455572675912,0.7925012840267077
"MultinomialNB(input_matrix, MultinomialNB__alpha=1.0, MultinomialNB__fit_prior=False)",0.7805105695317959,23,0.7104776579352851,0.7993836671802774
"MultinomialNB(SelectFwe(input_matrix, SelectFwe__alpha=0.049), MultinomialNB__alpha=1.0, MultinomialNB__fit_prior=False)",0.8058516771488471,23,0.7088854648176682,0.7959938366718028
"MultinomialNB(SelectPercentile(RandomForestClassifier(input_matrix, RandomForestClassifier__bootstrap=True, RandomForestClassifier__criterion=entropy, RandomForestClassifier__max_features=0.1, RandomForestClassifier__min_samples_leaf=9, RandomForestClassifier__min_samples_split=15, RandomForestClassifier__n_estimators=100), SelectPercentile__percentile=30), MultinomialNB__alpha=0.001, MultinomialNB__fit_prior=False)",0.8064897798742139,23,0.7092449922958397,0.7944530046224962
"MultinomialNB(VarianceThreshold(ExtraTreesClassifier(SelectFwe(input_matrix, SelectFwe__alpha=0.012), ExtraTreesClassifier__bootstrap=True, ExtraTreesClassifier__criterion=entropy, ExtraTreesClassifier__max_features=0.7500000000000001, ExtraTreesClassifier__min_samples_leaf=17, ExtraTreesClassifier__min_samples_split=3, ExtraTreesClassifier__n_estimators=100), VarianceThreshold__threshold=0.005), MultinomialNB__alpha=1.0, MultinomialNB__fit_prior=False)",0.8076642208245982,23,0.695120698510529,0.7907550077041603
"MultinomialNB(input_matrix, MultinomialNB__alpha=1.0, MultinomialNB__fit_prior=False)",0.7805105695317959,24,0.7104776579352851,0.7993836671802774
"MultinomialNB(SelectFwe(input_matrix, SelectFwe__alpha=0.049), MultinomialNB__alpha=1.0, MultinomialNB__fit_prior=False)",0.8058516771488471,24,0.7088854648176682,0.7959938366718028
"MultinomialNB(SelectPercentile(RandomForestClassifier(input_matrix, RandomForestClassifier__bootstrap=True, RandomForestClassifier__criterion=entropy, RandomForestClassifier__max_features=0.1, RandomForestClassifier__min_samples_leaf=9, RandomForestClassifier__min_samples_split=15, RandomForestClassifier__n_estimators=100), SelectPercentile__percentile=30), MultinomialNB__alpha=0.001, MultinomialNB__fit_prior=False)",0.8064897798742139,24,0.6910631741140216,0.7892141756548536
"MultinomialNB(VarianceThreshold(ExtraTreesClassifier(SelectFwe(input_matrix, SelectFwe__alpha=0.012), ExtraTreesClassifier__bootstrap=True, ExtraTreesClassifier__criterion=entropy, ExtraTreesClassifier__max_features=0.7500000000000001, ExtraTreesClassifier__min_samples_leaf=17, ExtraTreesClassifier__min_samples_split=3, ExtraTreesClassifier__n_estimators=100), VarianceThreshold__threshold=0.005), MultinomialNB__alpha=1.0, MultinomialNB__fit_prior=False)",0.8076642208245982,24,0.6922958397534669,0.7926040061633282
"MultinomialNB(input_matrix, MultinomialNB__alpha=1.0, MultinomialNB__fit_prior=False)",0.7805105695317959,25,0.7104776579352851,0.7993836671802774
"MultinomialNB(SelectFwe(input_matrix, SelectFwe__alpha=0.049), MultinomialNB__alpha=1.0, MultinomialNB__fit_prior=False)",0.8058516771488471,25,0.7088854648176682,0.7959938366718028
"MultinomialNB(SelectPercentile(RandomForestClassifier(input_matrix, RandomForestClassifier__bootstrap=True, RandomForestClassifier__criterion=entropy, RandomForestClassifier__max_features=0.1, RandomForestClassifier__min_samples_leaf=9, RandomForestClassifier__min_samples_split=15, RandomForestClassifier__n_estimators=100), SelectPercentile__percentile=30), MultinomialNB__alpha=0.001, MultinomialNB__fit_prior=False)",0.8064897798742139,25,0.6938880328710837,0.7895223420647149
"MultinomialNB(VarianceThreshold(ExtraTreesClassifier(SelectFwe(input_matrix, SelectFwe__alpha=0.012), ExtraTreesClassifier__bootstrap=True, ExtraTreesClassifier__criterion=entropy, ExtraTreesClassifier__max_features=0.7500000000000001, ExtraTreesClassifier__min_samples_leaf=17, ExtraTreesClassifier__min_samples_split=3, ExtraTreesClassifier__n_estimators=100), VarianceThreshold__threshold=0.005), MultinomialNB__alpha=1.0, MultinomialNB__fit_prior=False)",0.8076642208245982,25,0.695120698510529,0.787878787878788
"MultinomialNB(input_matrix, MultinomialNB__alpha=1.0, MultinomialNB__fit_prior=False)",0.7805105695317959,26,0.7104776579352851,0.7993836671802774
"MultinomialNB(SelectFwe(input_matrix, SelectFwe__alpha=0.049), MultinomialNB__alpha=1.0, MultinomialNB__fit_prior=False)",0.8058516771488471,26,0.7088854648176682,0.7959938366718028
"MultinomialNB(ExtraTreesClassifier(SelectFwe(input_matrix, SelectFwe__alpha=0.012), ExtraTreesClassifier__bootstrap=True, ExtraTreesClassifier__criterion=gini, ExtraTreesClassifier__max_features=0.7500000000000001, ExtraTreesClassifier__min_samples_leaf=17, ExtraTreesClassifier__min_samples_split=3, ExtraTreesClassifier__n_estimators=100), MultinomialNB__alpha=1.0, MultinomialNB__fit_prior=False)",0.8113679245283019,26,0.6916795069337442,0.7912686183872625
"MultinomialNB(input_matrix, MultinomialNB__alpha=1.0, MultinomialNB__fit_prior=False)",0.7805105695317959,27,0.7104776579352851,0.7993836671802774
"MultinomialNB(SelectFwe(input_matrix, SelectFwe__alpha=0.049), MultinomialNB__alpha=1.0, MultinomialNB__fit_prior=False)",0.8058516771488471,27,0.7088854648176682,0.7959938366718028
"MultinomialNB(RandomForestClassifier(SelectFwe(input_matrix, SelectFwe__alpha=0.029), RandomForestClassifier__bootstrap=True, RandomForestClassifier__criterion=entropy, RandomForestClassifier__max_features=0.9500000000000001, RandomForestClassifier__min_samples_leaf=13, RandomForestClassifier__min_samples_split=13, RandomForestClassifier__n_estimators=100), MultinomialNB__alpha=1.0, MultinomialNB__fit_prior=False)",0.812288609364081,27,0.7051874678993323,0.7909604519774012
"MultinomialNB(input_matrix, MultinomialNB__alpha=1.0, MultinomialNB__fit_prior=False)",0.7805105695317959,28,0.7104776579352851,0.7993836671802774
"MultinomialNB(SelectFwe(input_matrix, SelectFwe__alpha=0.049), MultinomialNB__alpha=1.0, MultinomialNB__fit_prior=False)",0.8058516771488471,28,0.7088854648176682,0.7959938366718028
"MultinomialNB(RandomForestClassifier(SelectFwe(input_matrix, SelectFwe__alpha=0.029), RandomForestClassifier__bootstrap=True, RandomForestClassifier__criterion=entropy, RandomForestClassifier__max_features=0.9500000000000001, RandomForestClassifier__min_samples_leaf=13, RandomForestClassifier__min_samples_split=13, RandomForestClassifier__n_estimators=100), MultinomialNB__alpha=1.0, MultinomialNB__fit_prior=False)",0.812288609364081,28,0.7080123266563945,0.7920903954802261
"MultinomialNB(input_matrix, MultinomialNB__alpha=1.0, MultinomialNB__fit_prior=False)",0.7805105695317959,29,0.7104776579352851,0.7993836671802774
"MultinomialNB(SelectFwe(input_matrix, SelectFwe__alpha=0.049), MultinomialNB__alpha=1.0, MultinomialNB__fit_prior=False)",0.8058516771488471,29,0.7088854648176682,0.7959938366718028
"MultinomialNB(RandomForestClassifier(SelectFwe(input_matrix, SelectFwe__alpha=0.029), RandomForestClassifier__bootstrap=True, RandomForestClassifier__criterion=entropy, RandomForestClassifier__max_features=0.9500000000000001, RandomForestClassifier__min_samples_leaf=13, RandomForestClassifier__min_samples_split=13, RandomForestClassifier__n_estimators=100), MultinomialNB__alpha=1.0, MultinomialNB__fit_prior=False)",0.812288609364081,29,0.6904468412942989,0.7890087313816128
"MultinomialNB(input_matrix, MultinomialNB__alpha=1.0, MultinomialNB__fit_prior=False)",0.7805105695317959,30,0.7104776579352851,0.7993836671802774
"MultinomialNB(SelectFwe(input_matrix, SelectFwe__alpha=0.049), MultinomialNB__alpha=1.0, MultinomialNB__fit_prior=False)",0.8058516771488471,30,0.7088854648176682,0.7959938366718028
"MultinomialNB(RandomForestClassifier(SelectFwe(input_matrix, SelectFwe__alpha=0.029), RandomForestClassifier__bootstrap=True, RandomForestClassifier__criterion=entropy, RandomForestClassifier__max_features=0.9500000000000001, RandomForestClassifier__min_samples_leaf=13, RandomForestClassifier__min_samples_split=13, RandomForestClassifier__n_estimators=100), MultinomialNB__alpha=1.0, MultinomialNB__fit_prior=False)",0.812288609364081,30,0.699537750385208,0.7928094504365691
"MultinomialNB(VarianceThreshold(VarianceThreshold(ExtraTreesClassifier(SelectFwe(input_matrix, SelectFwe__alpha=0.012), ExtraTreesClassifier__bootstrap=True, ExtraTreesClassifier__criterion=entropy, ExtraTreesClassifier__max_features=0.7500000000000001, ExtraTreesClassifier__min_samples_leaf=17, ExtraTreesClassifier__min_samples_split=4, ExtraTreesClassifier__n_estimators=100), VarianceThreshold__threshold=0.005), VarianceThreshold__threshold=0.005), MultinomialNB__alpha=1.0, MultinomialNB__fit_prior=False)",0.8122938504542278,30,0.6860297894196199,0.7917822290703648
"MultinomialNB(input_matrix, MultinomialNB__alpha=1.0, MultinomialNB__fit_prior=False)",0.7805105695317959,31,0.7104776579352851,0.7993836671802774
"MultinomialNB(SelectFwe(input_matrix, SelectFwe__alpha=0.049), MultinomialNB__alpha=1.0, MultinomialNB__fit_prior=False)",0.8058516771488471,31,0.7088854648176682,0.7959938366718028
"MultinomialNB(RandomForestClassifier(SelectFwe(input_matrix, SelectFwe__alpha=0.029), RandomForestClassifier__bootstrap=True, RandomForestClassifier__criterion=entropy, RandomForestClassifier__max_features=0.9500000000000001, RandomForestClassifier__min_samples_leaf=13, RandomForestClassifier__min_samples_split=13, RandomForestClassifier__n_estimators=100), MultinomialNB__alpha=1.0, MultinomialNB__fit_prior=False)",0.812288609364081,31,0.6904468412942989,0.791371340523883
"MultinomialNB(VarianceThreshold(VarianceThreshold(ExtraTreesClassifier(SelectFwe(input_matrix, SelectFwe__alpha=0.012), ExtraTreesClassifier__bootstrap=True, ExtraTreesClassifier__criterion=entropy, ExtraTreesClassifier__max_features=0.7500000000000001, ExtraTreesClassifier__min_samples_leaf=17, ExtraTreesClassifier__min_samples_split=4, ExtraTreesClassifier__n_estimators=100), VarianceThreshold__threshold=0.005), VarianceThreshold__threshold=0.005), MultinomialNB__alpha=1.0, MultinomialNB__fit_prior=False)",0.8122938504542278,31,0.7042116076014382,0.7909604519774012
"MultinomialNB(input_matrix, MultinomialNB__alpha=1.0, MultinomialNB__fit_prior=False)",0.7805105695317959,32,0.7104776579352851,0.7993836671802774
"MultinomialNB(SelectFwe(input_matrix, SelectFwe__alpha=0.049), MultinomialNB__alpha=1.0, MultinomialNB__fit_prior=False)",0.8058516771488471,32,0.7088854648176682,0.7959938366718028
"MultinomialNB(RandomForestClassifier(SelectFwe(input_matrix, SelectFwe__alpha=0.029), RandomForestClassifier__bootstrap=True, RandomForestClassifier__criterion=entropy, RandomForestClassifier__max_features=0.9500000000000001, RandomForestClassifier__min_samples_leaf=13, RandomForestClassifier__min_samples_split=13, RandomForestClassifier__n_estimators=100), MultinomialNB__alpha=1.0, MultinomialNB__fit_prior=False)",0.812288609364081,32,0.699537750385208,0.7957883923985619
"MultinomialNB(VarianceThreshold(VarianceThreshold(ExtraTreesClassifier(SelectFwe(input_matrix, SelectFwe__alpha=0.012), ExtraTreesClassifier__bootstrap=True, ExtraTreesClassifier__criterion=entropy, ExtraTreesClassifier__max_features=0.7500000000000001, ExtraTreesClassifier__min_samples_leaf=17, ExtraTreesClassifier__min_samples_split=4, ExtraTreesClassifier__n_estimators=100), VarianceThreshold__threshold=0.005), VarianceThreshold__threshold=0.005), MultinomialNB__alpha=1.0, MultinomialNB__fit_prior=False)",0.8122938504542278,32,0.695120698510529,0.7918849512069852
"MultinomialNB(input_matrix, MultinomialNB__alpha=1.0, MultinomialNB__fit_prior=False)",0.7805105695317959,33,0.7104776579352851,0.7993836671802774
"MultinomialNB(SelectFwe(input_matrix, SelectFwe__alpha=0.049), MultinomialNB__alpha=1.0, MultinomialNB__fit_prior=False)",0.8058516771488471,33,0.7088854648176682,0.7959938366718028
"MultinomialNB(RandomForestClassifier(SelectFwe(input_matrix, SelectFwe__alpha=0.029), RandomForestClassifier__bootstrap=True, RandomForestClassifier__criterion=entropy, RandomForestClassifier__max_features=0.9500000000000001, RandomForestClassifier__min_samples_leaf=13, RandomForestClassifier__min_samples_split=13, RandomForestClassifier__n_estimators=100), MultinomialNB__alpha=1.0, MultinomialNB__fit_prior=False)",0.812288609364081,33,0.705803800719055,0.7906522855675399
"MultinomialNB(VarianceThreshold(VarianceThreshold(ExtraTreesClassifier(SelectFwe(input_matrix, SelectFwe__alpha=0.012), ExtraTreesClassifier__bootstrap=True, ExtraTreesClassifier__criterion=entropy, ExtraTreesClassifier__max_features=0.7500000000000001, ExtraTreesClassifier__min_samples_leaf=17, ExtraTreesClassifier__min_samples_split=4, ExtraTreesClassifier__n_estimators=100), VarianceThreshold__threshold=0.005), VarianceThreshold__threshold=0.005), MultinomialNB__alpha=1.0, MultinomialNB__fit_prior=False)",0.8122938504542278,33,0.6979455572675912,0.790241397021058
"MultinomialNB(input_matrix, MultinomialNB__alpha=1.0, MultinomialNB__fit_prior=False)",0.7805105695317959,34,0.7104776579352851,0.7993836671802774
"MultinomialNB(SelectFwe(input_matrix, SelectFwe__alpha=0.049), MultinomialNB__alpha=1.0, MultinomialNB__fit_prior=False)",0.8058516771488471,34,0.7088854648176682,0.7959938366718028
"MultinomialNB(RandomForestClassifier(SelectFwe(input_matrix, SelectFwe__alpha=0.029), RandomForestClassifier__bootstrap=True, RandomForestClassifier__criterion=entropy, RandomForestClassifier__max_features=0.9500000000000001, RandomForestClassifier__min_samples_leaf=13, RandomForestClassifier__min_samples_split=13, RandomForestClassifier__n_estimators=100), MultinomialNB__alpha=1.0, MultinomialNB__fit_prior=False)",0.812288609364081,34,0.6932717000513611,0.7889060092449923
"MultinomialNB(VarianceThreshold(VarianceThreshold(ExtraTreesClassifier(SelectFwe(input_matrix, SelectFwe__alpha=0.012), ExtraTreesClassifier__bootstrap=True, ExtraTreesClassifier__criterion=entropy, ExtraTreesClassifier__max_features=0.7500000000000001, ExtraTreesClassifier__min_samples_leaf=17, ExtraTreesClassifier__min_samples_split=4, ExtraTreesClassifier__n_estimators=100), VarianceThreshold__threshold=0.005), VarianceThreshold__threshold=0.005), MultinomialNB__alpha=1.0, MultinomialNB__fit_prior=False)",0.8122938504542278,34,0.6979455572675912,0.7900359527478171
"MultinomialNB(input_matrix, MultinomialNB__alpha=1.0, MultinomialNB__fit_prior=False)",0.7805105695317959,35,0.7104776579352851,0.7993836671802774
"MultinomialNB(SelectFwe(input_matrix, SelectFwe__alpha=0.049), MultinomialNB__alpha=1.0, MultinomialNB__fit_prior=False)",0.8058516771488471,35,0.7088854648176682,0.7959938366718028
"MultinomialNB(ExtraTreesClassifier(SelectFwe(input_matrix, SelectFwe__alpha=0.012), ExtraTreesClassifier__bootstrap=True, ExtraTreesClassifier__criterion=entropy, ExtraTreesClassifier__max_features=0.7500000000000001, ExtraTreesClassifier__min_samples_leaf=17, ExtraTreesClassifier__min_samples_split=3, ExtraTreesClassifier__n_estimators=100), MultinomialNB__alpha=1.0, MultinomialNB__fit_prior=False)",0.8132547169811322,35,0.6825885978428351,0.7912686183872625
"MultinomialNB(input_matrix, MultinomialNB__alpha=1.0, MultinomialNB__fit_prior=False)",0.7805105695317959,36,0.7104776579352851,0.7993836671802774
"MultinomialNB(SelectFwe(input_matrix, SelectFwe__alpha=0.049), MultinomialNB__alpha=1.0, MultinomialNB__fit_prior=False)",0.8058516771488471,36,0.7088854648176682,0.7959938366718028
"MultinomialNB(ExtraTreesClassifier(SelectFwe(input_matrix, SelectFwe__alpha=0.012), ExtraTreesClassifier__bootstrap=True, ExtraTreesClassifier__criterion=entropy, ExtraTreesClassifier__max_features=0.7500000000000001, ExtraTreesClassifier__min_samples_leaf=17, ExtraTreesClassifier__min_samples_split=3, ExtraTreesClassifier__n_estimators=100), MultinomialNB__alpha=1.0, MultinomialNB__fit_prior=False)",0.8132547169811322,36,0.6888546481766821,0.7884951206985106
"MultinomialNB(input_matrix, MultinomialNB__alpha=1.0, MultinomialNB__fit_prior=False)",0.7805105695317959,37,0.7104776579352851,0.7993836671802774
"MultinomialNB(SelectFwe(input_matrix, SelectFwe__alpha=0.049), MultinomialNB__alpha=1.0, MultinomialNB__fit_prior=False)",0.8058516771488471,37,0.7088854648176682,0.7959938366718028
"MultinomialNB(ExtraTreesClassifier(SelectFwe(input_matrix, SelectFwe__alpha=0.012), ExtraTreesClassifier__bootstrap=True, ExtraTreesClassifier__criterion=entropy, ExtraTreesClassifier__max_features=0.7500000000000001, ExtraTreesClassifier__min_samples_leaf=17, ExtraTreesClassifier__min_samples_split=3, ExtraTreesClassifier__n_estimators=100), MultinomialNB__alpha=1.0, MultinomialNB__fit_prior=False)",0.8132547169811322,37,0.6888546481766821,0.7918849512069851
"MultinomialNB(input_matrix, MultinomialNB__alpha=1.0, MultinomialNB__fit_prior=False)",0.7805105695317959,38,0.7104776579352851,0.7993836671802774
"MultinomialNB(SelectFwe(input_matrix, SelectFwe__alpha=0.049), MultinomialNB__alpha=1.0, MultinomialNB__fit_prior=False)",0.8058516771488471,38,0.7088854648176682,0.7959938366718028
"MultinomialNB(ExtraTreesClassifier(SelectFwe(input_matrix, SelectFwe__alpha=0.012), ExtraTreesClassifier__bootstrap=True, ExtraTreesClassifier__criterion=entropy, ExtraTreesClassifier__max_features=0.7500000000000001, ExtraTreesClassifier__min_samples_leaf=17, ExtraTreesClassifier__min_samples_split=3, ExtraTreesClassifier__n_estimators=100), MultinomialNB__alpha=1.0, MultinomialNB__fit_prior=False)",0.8132547169811322,38,0.6825885978428351,0.7889060092449923
"MultinomialNB(input_matrix, MultinomialNB__alpha=1.0, MultinomialNB__fit_prior=False)",0.7805105695317959,39,0.7104776579352851,0.7993836671802774
"MultinomialNB(SelectFwe(input_matrix, SelectFwe__alpha=0.049), MultinomialNB__alpha=1.0, MultinomialNB__fit_prior=False)",0.8058516771488471,39,0.7088854648176682,0.7959938366718028
"MultinomialNB(ExtraTreesClassifier(SelectFwe(input_matrix, SelectFwe__alpha=0.012), ExtraTreesClassifier__bootstrap=True, ExtraTreesClassifier__criterion=entropy, ExtraTreesClassifier__max_features=0.7500000000000001, ExtraTreesClassifier__min_samples_leaf=17, ExtraTreesClassifier__min_samples_split=3, ExtraTreesClassifier__n_estimators=100), MultinomialNB__alpha=1.0, MultinomialNB__fit_prior=False)",0.8132547169811322,39,0.6825885978428351,0.7916795069337443
"MultinomialNB(input_matrix, MultinomialNB__alpha=1.0, MultinomialNB__fit_prior=False)",0.7805105695317959,40,0.7104776579352851,0.7993836671802774
"MultinomialNB(SelectFwe(input_matrix, SelectFwe__alpha=0.049), MultinomialNB__alpha=1.0, MultinomialNB__fit_prior=False)",0.8058516771488471,40,0.7088854648176682,0.7959938366718028
"MultinomialNB(ExtraTreesClassifier(SelectFwe(input_matrix, SelectFwe__alpha=0.012), ExtraTreesClassifier__bootstrap=True, ExtraTreesClassifier__criterion=entropy, ExtraTreesClassifier__max_features=0.7500000000000001, ExtraTreesClassifier__min_samples_leaf=17, ExtraTreesClassifier__min_samples_split=3, ExtraTreesClassifier__n_estimators=100), MultinomialNB__alpha=1.0, MultinomialNB__fit_prior=False)",0.8132547169811322,40,0.6888546481766821,0.7926040061633283
"MultinomialNB(input_matrix, MultinomialNB__alpha=1.0, MultinomialNB__fit_prior=False)",0.7805105695317959,41,0.7104776579352851,0.7993836671802774
"MultinomialNB(SelectFwe(input_matrix, SelectFwe__alpha=0.049), MultinomialNB__alpha=1.0, MultinomialNB__fit_prior=False)",0.8058516771488471,41,0.7088854648176682,0.7959938366718028
"MultinomialNB(ExtraTreesClassifier(SelectFwe(input_matrix, SelectFwe__alpha=0.012), ExtraTreesClassifier__bootstrap=True, ExtraTreesClassifier__criterion=entropy, ExtraTreesClassifier__max_features=0.7500000000000001, ExtraTreesClassifier__min_samples_leaf=17, ExtraTreesClassifier__min_samples_split=3, ExtraTreesClassifier__n_estimators=100), MultinomialNB__alpha=1.0, MultinomialNB__fit_prior=False)",0.8132547169811322,41,0.6888546481766821,0.7913713405238829
"MultinomialNB(input_matrix, MultinomialNB__alpha=1.0, MultinomialNB__fit_prior=False)",0.7805105695317959,42,0.7104776579352851,0.7993836671802774
"MultinomialNB(SelectFwe(input_matrix, SelectFwe__alpha=0.049), MultinomialNB__alpha=1.0, MultinomialNB__fit_prior=False)",0.8058516771488471,42,0.7088854648176682,0.7959938366718028
"MultinomialNB(ExtraTreesClassifier(SelectFwe(input_matrix, SelectFwe__alpha=0.012), ExtraTreesClassifier__bootstrap=True, ExtraTreesClassifier__criterion=entropy, ExtraTreesClassifier__max_features=0.7500000000000001, ExtraTreesClassifier__min_samples_leaf=17, ExtraTreesClassifier__min_samples_split=3, ExtraTreesClassifier__n_estimators=100), MultinomialNB__alpha=1.0, MultinomialNB__fit_prior=False)",0.8132547169811322,42,0.6916795069337442,0.7921931176168465
"MultinomialNB(input_matrix, MultinomialNB__alpha=1.0, MultinomialNB__fit_prior=False)",0.7805105695317959,43,0.7104776579352851,0.7993836671802774
"MultinomialNB(SelectFwe(input_matrix, SelectFwe__alpha=0.049), MultinomialNB__alpha=1.0, MultinomialNB__fit_prior=False)",0.8058516771488471,43,0.7088854648176682,0.7959938366718028
"MultinomialNB(ExtraTreesClassifier(SelectFwe(input_matrix, SelectFwe__alpha=0.012), ExtraTreesClassifier__bootstrap=True, ExtraTreesClassifier__criterion=entropy, ExtraTreesClassifier__max_features=0.7500000000000001, ExtraTreesClassifier__min_samples_leaf=17, ExtraTreesClassifier__min_samples_split=3, ExtraTreesClassifier__n_estimators=100), MultinomialNB__alpha=1.0, MultinomialNB__fit_prior=False)",0.8132547169811322,43,0.6916795069337442,0.7892141756548536
"MultinomialNB(input_matrix, MultinomialNB__alpha=1.0, MultinomialNB__fit_prior=False)",0.7805105695317959,44,0.7104776579352851,0.7993836671802774
"MultinomialNB(SelectFwe(input_matrix, SelectFwe__alpha=0.049), MultinomialNB__alpha=1.0, MultinomialNB__fit_prior=False)",0.8058516771488471,44,0.7088854648176682,0.7959938366718028
"MultinomialNB(ExtraTreesClassifier(SelectFwe(input_matrix, SelectFwe__alpha=0.012), ExtraTreesClassifier__bootstrap=True, ExtraTreesClassifier__criterion=entropy, ExtraTreesClassifier__max_features=0.7500000000000001, ExtraTreesClassifier__min_samples_leaf=17, ExtraTreesClassifier__min_samples_split=3, ExtraTreesClassifier__n_estimators=100), MultinomialNB__alpha=1.0, MultinomialNB__fit_prior=False)",0.8132547169811322,44,0.695120698510529,0.7925012840267077
"MultinomialNB(input_matrix, MultinomialNB__alpha=1.0, MultinomialNB__fit_prior=False)",0.7805105695317959,45,0.7104776579352851,0.7993836671802774
"MultinomialNB(SelectFwe(input_matrix, SelectFwe__alpha=0.049), MultinomialNB__alpha=1.0, MultinomialNB__fit_prior=False)",0.8058516771488471,45,0.7088854648176682,0.7959938366718028
"MultinomialNB(ExtraTreesClassifier(SelectFwe(input_matrix, SelectFwe__alpha=0.012), ExtraTreesClassifier__bootstrap=True, ExtraTreesClassifier__criterion=entropy, ExtraTreesClassifier__max_features=0.7500000000000001, ExtraTreesClassifier__min_samples_leaf=17, ExtraTreesClassifier__min_samples_split=3, ExtraTreesClassifier__n_estimators=100), MultinomialNB__alpha=1.0, MultinomialNB__fit_prior=False)",0.8132547169811322,45,0.6797637390857729,0.7908577298407807
"MultinomialNB(input_matrix, MultinomialNB__alpha=1.0, MultinomialNB__fit_prior=False)",0.7805105695317959,46,0.7104776579352851,0.7993836671802774
"MultinomialNB(SelectFwe(input_matrix, SelectFwe__alpha=0.049), MultinomialNB__alpha=1.0, MultinomialNB__fit_prior=False)",0.8058516771488471,46,0.7088854648176682,0.7959938366718028
"MultinomialNB(ExtraTreesClassifier(SelectFwe(input_matrix, SelectFwe__alpha=0.012), ExtraTreesClassifier__bootstrap=True, ExtraTreesClassifier__criterion=entropy, ExtraTreesClassifier__max_features=0.7500000000000001, ExtraTreesClassifier__min_samples_leaf=17, ExtraTreesClassifier__min_samples_split=3, ExtraTreesClassifier__n_estimators=100), MultinomialNB__alpha=1.0, MultinomialNB__fit_prior=False)",0.8132547169811322,46,0.6916795069337442,0.7892141756548536
"MultinomialNB(input_matrix, MultinomialNB__alpha=1.0, MultinomialNB__fit_prior=False)",0.7805105695317959,47,0.7104776579352851,0.7993836671802774
"MultinomialNB(SelectFwe(input_matrix, SelectFwe__alpha=0.049), MultinomialNB__alpha=1.0, MultinomialNB__fit_prior=False)",0.8058516771488471,47,0.7088854648176682,0.7959938366718028
"MultinomialNB(ExtraTreesClassifier(SelectFwe(input_matrix, SelectFwe__alpha=0.012), ExtraTreesClassifier__bootstrap=True, ExtraTreesClassifier__criterion=entropy, ExtraTreesClassifier__max_features=0.7500000000000001, ExtraTreesClassifier__min_samples_leaf=17, ExtraTreesClassifier__min_samples_split=3, ExtraTreesClassifier__n_estimators=100), MultinomialNB__alpha=1.0, MultinomialNB__fit_prior=False)",0.8132547169811322,47,0.6825885978428351,0.7912686183872626
"MultinomialNB(input_matrix, MultinomialNB__alpha=1.0, MultinomialNB__fit_prior=False)",0.7805105695317959,48,0.7104776579352851,0.7993836671802774
"MultinomialNB(SelectFwe(input_matrix, SelectFwe__alpha=0.049), MultinomialNB__alpha=1.0, MultinomialNB__fit_prior=False)",0.8058516771488471,48,0.7088854648176682,0.7959938366718028
"MultinomialNB(ExtraTreesClassifier(SelectFwe(input_matrix, SelectFwe__alpha=0.012), ExtraTreesClassifier__bootstrap=True, ExtraTreesClassifier__criterion=entropy, ExtraTreesClassifier__max_features=0.7500000000000001, ExtraTreesClassifier__min_samples_leaf=17, ExtraTreesClassifier__min_samples_split=3, ExtraTreesClassifier__n_estimators=100), MultinomialNB__alpha=1.0, MultinomialNB__fit_prior=False)",0.8132547169811322,48,0.6797637390857729,0.7912686183872625
"MultinomialNB(input_matrix, MultinomialNB__alpha=1.0, MultinomialNB__fit_prior=False)",0.7805105695317959,49,0.7104776579352851,0.7993836671802774
"MultinomialNB(SelectFwe(input_matrix, SelectFwe__alpha=0.049), MultinomialNB__alpha=1.0, MultinomialNB__fit_prior=False)",0.8058516771488471,49,0.7088854648176682,0.7959938366718028
"MultinomialNB(ExtraTreesClassifier(SelectFwe(input_matrix, SelectFwe__alpha=0.012), ExtraTreesClassifier__bootstrap=True, ExtraTreesClassifier__criterion=entropy, ExtraTreesClassifier__max_features=0.7500000000000001, ExtraTreesClassifier__min_samples_leaf=17, ExtraTreesClassifier__min_samples_split=3, ExtraTreesClassifier__n_estimators=100), MultinomialNB__alpha=1.0, MultinomialNB__fit_prior=False)",0.8132547169811322,49,0.695120698510529,0.7903441191576785
"MultinomialNB(input_matrix, MultinomialNB__alpha=1.0, MultinomialNB__fit_prior=False)",0.7805105695317959,50,0.7104776579352851,0.7993836671802774
"MultinomialNB(SelectFwe(input_matrix, SelectFwe__alpha=0.049), MultinomialNB__alpha=1.0, MultinomialNB__fit_prior=False)",0.8058516771488471,50,0.7088854648176682,0.7959938366718028
"MultinomialNB(ExtraTreesClassifier(SelectFwe(input_matrix, SelectFwe__alpha=0.012), ExtraTreesClassifier__bootstrap=True, ExtraTreesClassifier__criterion=entropy, ExtraTreesClassifier__max_features=0.7500000000000001, ExtraTreesClassifier__min_samples_leaf=17, ExtraTreesClassifier__min_samples_split=3, ExtraTreesClassifier__n_estimators=100), MultinomialNB__alpha=1.0, MultinomialNB__fit_prior=False)",0.8132547169811322,50,0.6825885978428351,0.7900359527478172
"MultinomialNB(input_matrix, MultinomialNB__alpha=1.0, MultinomialNB__fit_prior=False)",0.7805105695317959,51,0.7104776579352851,0.7993836671802774
"MultinomialNB(SelectFwe(input_matrix, SelectFwe__alpha=0.049), MultinomialNB__alpha=1.0, MultinomialNB__fit_prior=False)",0.8058516771488471,51,0.7088854648176682,0.7959938366718028
"MultinomialNB(ExtraTreesClassifier(SelectFwe(input_matrix, SelectFwe__alpha=0.012), ExtraTreesClassifier__bootstrap=True, ExtraTreesClassifier__criterion=entropy, ExtraTreesClassifier__max_features=0.7500000000000001, ExtraTreesClassifier__min_samples_leaf=17, ExtraTreesClassifier__min_samples_split=3, ExtraTreesClassifier__n_estimators=100), MultinomialNB__alpha=1.0, MultinomialNB__fit_prior=False)",0.8132547169811322,51,0.6888546481766821,0.7905495634309193
"MultinomialNB(input_matrix, MultinomialNB__alpha=1.0, MultinomialNB__fit_prior=False)",0.7805105695317959,52,0.7104776579352851,0.7993836671802774
"MultinomialNB(SelectFwe(input_matrix, SelectFwe__alpha=0.049), MultinomialNB__alpha=1.0, MultinomialNB__fit_prior=False)",0.8058516771488471,52,0.7088854648176682,0.7959938366718028
"MultinomialNB(ExtraTreesClassifier(SelectFwe(input_matrix, SelectFwe__alpha=0.012), ExtraTreesClassifier__bootstrap=True, ExtraTreesClassifier__criterion=entropy, ExtraTreesClassifier__max_features=0.7500000000000001, ExtraTreesClassifier__min_samples_leaf=17, ExtraTreesClassifier__min_samples_split=3, ExtraTreesClassifier__n_estimators=100), MultinomialNB__alpha=1.0, MultinomialNB__fit_prior=False)",0.8132547169811322,52,0.6888546481766821,0.7906522855675397
"MultinomialNB(input_matrix, MultinomialNB__alpha=1.0, MultinomialNB__fit_prior=False)",0.7805105695317959,53,0.7104776579352851,0.7993836671802774
"MultinomialNB(SelectFwe(input_matrix, SelectFwe__alpha=0.049), MultinomialNB__alpha=1.0, MultinomialNB__fit_prior=False)",0.8058516771488471,53,0.7088854648176682,0.7959938366718028
"MultinomialNB(ExtraTreesClassifier(SelectFwe(input_matrix, SelectFwe__alpha=0.012), ExtraTreesClassifier__bootstrap=True, ExtraTreesClassifier__criterion=entropy, ExtraTreesClassifier__max_features=0.7500000000000001, ExtraTreesClassifier__min_samples_leaf=17, ExtraTreesClassifier__min_samples_split=3, ExtraTreesClassifier__n_estimators=100), MultinomialNB__alpha=1.0, MultinomialNB__fit_prior=False)",0.8132547169811322,53,0.6916795069337442,0.7918849512069851
"MultinomialNB(input_matrix, MultinomialNB__alpha=1.0, MultinomialNB__fit_prior=False)",0.7805105695317959,54,0.7104776579352851,0.7993836671802774
"MultinomialNB(SelectFwe(input_matrix, SelectFwe__alpha=0.049), MultinomialNB__alpha=1.0, MultinomialNB__fit_prior=False)",0.8058516771488471,54,0.7088854648176682,0.7959938366718028
"MultinomialNB(ExtraTreesClassifier(SelectFwe(input_matrix, SelectFwe__alpha=0.012), ExtraTreesClassifier__bootstrap=True, ExtraTreesClassifier__criterion=entropy, ExtraTreesClassifier__max_features=0.7500000000000001, ExtraTreesClassifier__min_samples_leaf=17, ExtraTreesClassifier__min_samples_split=3, ExtraTreesClassifier__n_estimators=100), MultinomialNB__alpha=1.0, MultinomialNB__fit_prior=False)",0.8132547169811322,54,0.6916795069337442,0.7910631741140216
"MultinomialNB(input_matrix, MultinomialNB__alpha=1.0, MultinomialNB__fit_prior=False)",0.7805105695317959,55,0.7104776579352851,0.7993836671802774
"MultinomialNB(SelectFwe(input_matrix, SelectFwe__alpha=0.049), MultinomialNB__alpha=1.0, MultinomialNB__fit_prior=False)",0.8058516771488471,55,0.7088854648176682,0.7959938366718028
"MultinomialNB(ExtraTreesClassifier(SelectFwe(input_matrix, SelectFwe__alpha=0.012), ExtraTreesClassifier__bootstrap=True, ExtraTreesClassifier__criterion=entropy, ExtraTreesClassifier__max_features=0.7500000000000001, ExtraTreesClassifier__min_samples_leaf=17, ExtraTreesClassifier__min_samples_split=3, ExtraTreesClassifier__n_estimators=100), MultinomialNB__alpha=1.0, MultinomialNB__fit_prior=False)",0.8132547169811322,55,0.695120698510529,0.7934257832562918
"MultinomialNB(input_matrix, MultinomialNB__alpha=1.0, MultinomialNB__fit_prior=False)",0.7805105695317959,56,0.7104776579352851,0.7993836671802774
"MultinomialNB(SelectFwe(input_matrix, SelectFwe__alpha=0.049), MultinomialNB__alpha=1.0, MultinomialNB__fit_prior=False)",0.8058516771488471,56,0.7088854648176682,0.7959938366718028
"MultinomialNB(ExtraTreesClassifier(SelectFwe(input_matrix, SelectFwe__alpha=0.012), ExtraTreesClassifier__bootstrap=True, ExtraTreesClassifier__criterion=entropy, ExtraTreesClassifier__max_features=0.7500000000000001, ExtraTreesClassifier__min_samples_leaf=17, ExtraTreesClassifier__min_samples_split=3, ExtraTreesClassifier__n_estimators=100), MultinomialNB__alpha=1.0, MultinomialNB__fit_prior=False)",0.8132547169811322,56,0.6916795069337442,0.7919876733436055
"MultinomialNB(input_matrix, MultinomialNB__alpha=1.0, MultinomialNB__fit_prior=False)",0.7805105695317959,57,0.7104776579352851,0.7993836671802774
"MultinomialNB(SelectFwe(input_matrix, SelectFwe__alpha=0.049), MultinomialNB__alpha=1.0, MultinomialNB__fit_prior=False)",0.8058516771488471,57,0.7088854648176682,0.7959938366718028
"MultinomialNB(ExtraTreesClassifier(SelectFwe(input_matrix, SelectFwe__alpha=0.012), ExtraTreesClassifier__bootstrap=True, ExtraTreesClassifier__criterion=entropy, ExtraTreesClassifier__max_features=0.7500000000000001, ExtraTreesClassifier__min_samples_leaf=17, ExtraTreesClassifier__min_samples_split=3, ExtraTreesClassifier__n_estimators=100), MultinomialNB__alpha=1.0, MultinomialNB__fit_prior=False)",0.8132547169811322,57,0.6888546481766821,0.7908577298407807
"MultinomialNB(input_matrix, MultinomialNB__alpha=1.0, MultinomialNB__fit_prior=False)",0.7805105695317959,58,0.7104776579352851,0.7993836671802774
"MultinomialNB(SelectFwe(input_matrix, SelectFwe__alpha=0.049), MultinomialNB__alpha=1.0, MultinomialNB__fit_prior=False)",0.8058516771488471,58,0.7088854648176682,0.7959938366718028
"MultinomialNB(ExtraTreesClassifier(SelectFwe(input_matrix, SelectFwe__alpha=0.012), ExtraTreesClassifier__bootstrap=True, ExtraTreesClassifier__criterion=entropy, ExtraTreesClassifier__max_features=0.7500000000000001, ExtraTreesClassifier__min_samples_leaf=17, ExtraTreesClassifier__min_samples_split=3, ExtraTreesClassifier__n_estimators=100), MultinomialNB__alpha=1.0, MultinomialNB__fit_prior=False)",0.8132547169811322,58,0.6979455572675912,0.7931176168464303
"MultinomialNB(input_matrix, MultinomialNB__alpha=1.0, MultinomialNB__fit_prior=False)",0.7805105695317959,59,0.7104776579352851,0.7993836671802774
"MultinomialNB(SelectFwe(input_matrix, SelectFwe__alpha=0.049), MultinomialNB__alpha=1.0, MultinomialNB__fit_prior=False)",0.8058516771488471,59,0.7088854648176682,0.7959938366718028
"MultinomialNB(ExtraTreesClassifier(SelectFwe(input_matrix, SelectFwe__alpha=0.012), ExtraTreesClassifier__bootstrap=True, ExtraTreesClassifier__criterion=entropy, ExtraTreesClassifier__max_features=0.7500000000000001, ExtraTreesClassifier__min_samples_leaf=17, ExtraTreesClassifier__min_samples_split=3, ExtraTreesClassifier__n_estimators=100), MultinomialNB__alpha=1.0, MultinomialNB__fit_prior=False)",0.8132547169811322,59,0.6922958397534669,0.7926040061633282
"MultinomialNB(input_matrix, MultinomialNB__alpha=1.0, MultinomialNB__fit_prior=False)",0.7805105695317959,60,0.7104776579352851,0.7993836671802774
"MultinomialNB(SelectFwe(input_matrix, SelectFwe__alpha=0.049), MultinomialNB__alpha=1.0, MultinomialNB__fit_prior=False)",0.8058516771488471,60,0.7088854648176682,0.7959938366718028
"MultinomialNB(ExtraTreesClassifier(SelectFwe(input_matrix, SelectFwe__alpha=0.012), ExtraTreesClassifier__bootstrap=True, ExtraTreesClassifier__criterion=entropy, ExtraTreesClassifier__max_features=0.7500000000000001, ExtraTreesClassifier__min_samples_leaf=17, ExtraTreesClassifier__min_samples_split=3, ExtraTreesClassifier__n_estimators=100), MultinomialNB__alpha=1.0, MultinomialNB__fit_prior=False)",0.8132547169811322,60,0.6888546481766821,0.7934257832562918
"MultinomialNB(input_matrix, MultinomialNB__alpha=1.0, MultinomialNB__fit_prior=False)",0.7805105695317959,61,0.7104776579352851,0.7993836671802774
"MultinomialNB(SelectFwe(input_matrix, SelectFwe__alpha=0.049), MultinomialNB__alpha=1.0, MultinomialNB__fit_prior=False)",0.8058516771488471,61,0.7088854648176682,0.7959938366718028
"MultinomialNB(ExtraTreesClassifier(SelectFwe(input_matrix, SelectFwe__alpha=0.012), ExtraTreesClassifier__bootstrap=True, ExtraTreesClassifier__criterion=entropy, ExtraTreesClassifier__max_features=0.7500000000000001, ExtraTreesClassifier__min_samples_leaf=17, ExtraTreesClassifier__min_samples_split=3, ExtraTreesClassifier__n_estimators=100), MultinomialNB__alpha=1.0, MultinomialNB__fit_prior=False)",0.8132547169811322,61,0.7042116076014382,0.7935285053929122
"MultinomialNB(input_matrix, MultinomialNB__alpha=1.0, MultinomialNB__fit_prior=False)",0.7805105695317959,62,0.7104776579352851,0.7993836671802774
"MultinomialNB(SelectFwe(input_matrix, SelectFwe__alpha=0.049), MultinomialNB__alpha=1.0, MultinomialNB__fit_prior=False)",0.8058516771488471,62,0.7088854648176682,0.7959938366718028
"MultinomialNB(ExtraTreesClassifier(SelectFwe(input_matrix, SelectFwe__alpha=0.012), ExtraTreesClassifier__bootstrap=True, ExtraTreesClassifier__criterion=entropy, ExtraTreesClassifier__max_features=0.7500000000000001, ExtraTreesClassifier__min_samples_leaf=17, ExtraTreesClassifier__min_samples_split=3, ExtraTreesClassifier__n_estimators=100), MultinomialNB__alpha=1.0, MultinomialNB__fit_prior=False)",0.8132547169811322,62,0.6888546481766821,0.7916795069337442
"MultinomialNB(input_matrix, MultinomialNB__alpha=1.0, MultinomialNB__fit_prior=False)",0.7805105695317959,63,0.7104776579352851,0.7993836671802774
"MultinomialNB(SelectFwe(input_matrix, SelectFwe__alpha=0.049), MultinomialNB__alpha=1.0, MultinomialNB__fit_prior=False)",0.8058516771488471,63,0.7088854648176682,0.7959938366718028
"MultinomialNB(ExtraTreesClassifier(SelectFwe(input_matrix, SelectFwe__alpha=0.012), ExtraTreesClassifier__bootstrap=True, ExtraTreesClassifier__criterion=entropy, ExtraTreesClassifier__max_features=0.7500000000000001, ExtraTreesClassifier__min_samples_leaf=17, ExtraTreesClassifier__min_samples_split=3, ExtraTreesClassifier__n_estimators=100), MultinomialNB__alpha=1.0, MultinomialNB__fit_prior=False)",0.8132547169811322,63,0.6825885978428351,0.7884951206985106
"MultinomialNB(input_matrix, MultinomialNB__alpha=1.0, MultinomialNB__fit_prior=False)",0.7805105695317959,64,0.7104776579352851,0.7993836671802774
"MultinomialNB(SelectFwe(input_matrix, SelectFwe__alpha=0.049), MultinomialNB__alpha=1.0, MultinomialNB__fit_prior=False)",0.8058516771488471,64,0.7088854648176682,0.7959938366718028
"MultinomialNB(ExtraTreesClassifier(SelectFwe(input_matrix, SelectFwe__alpha=0.012), ExtraTreesClassifier__bootstrap=True, ExtraTreesClassifier__criterion=entropy, ExtraTreesClassifier__max_features=0.7500000000000001, ExtraTreesClassifier__min_samples_leaf=17, ExtraTreesClassifier__min_samples_split=3, ExtraTreesClassifier__n_estimators=100), MultinomialNB__alpha=1.0, MultinomialNB__fit_prior=False)",0.8132547169811322,64,0.6888546481766821,0.7890087313816128
"MultinomialNB(input_matrix, MultinomialNB__alpha=1.0, MultinomialNB__fit_prior=False)",0.7805105695317959,65,0.7104776579352851,0.7993836671802774
"MultinomialNB(SelectFwe(input_matrix, SelectFwe__alpha=0.049), MultinomialNB__alpha=1.0, MultinomialNB__fit_prior=False)",0.8058516771488471,65,0.7088854648176682,0.7959938366718028
"MultinomialNB(ExtraTreesClassifier(SelectFwe(input_matrix, SelectFwe__alpha=0.012), ExtraTreesClassifier__bootstrap=True, ExtraTreesClassifier__criterion=entropy, ExtraTreesClassifier__max_features=0.7500000000000001, ExtraTreesClassifier__min_samples_leaf=17, ExtraTreesClassifier__min_samples_split=3, ExtraTreesClassifier__n_estimators=100), MultinomialNB__alpha=1.0, MultinomialNB__fit_prior=False)",0.8132547169811322,65,0.6888546481766821,0.7929121725731896
"MultinomialNB(input_matrix, MultinomialNB__alpha=1.0, MultinomialNB__fit_prior=False)",0.7805105695317959,66,0.7104776579352851,0.7993836671802774
"MultinomialNB(SelectFwe(input_matrix, SelectFwe__alpha=0.049), MultinomialNB__alpha=1.0, MultinomialNB__fit_prior=False)",0.8058516771488471,66,0.7088854648176682,0.7959938366718028
"MultinomialNB(ExtraTreesClassifier(SelectFwe(input_matrix, SelectFwe__alpha=0.012), ExtraTreesClassifier__bootstrap=True, ExtraTreesClassifier__criterion=entropy, ExtraTreesClassifier__max_features=0.7500000000000001, ExtraTreesClassifier__min_samples_leaf=17, ExtraTreesClassifier__min_samples_split=3, ExtraTreesClassifier__n_estimators=100), MultinomialNB__alpha=1.0, MultinomialNB__fit_prior=False)",0.8132547169811322,66,0.6888546481766821,0.78839239856189
"MultinomialNB(input_matrix, MultinomialNB__alpha=1.0, MultinomialNB__fit_prior=False)",0.7805105695317959,67,0.7104776579352851,0.7993836671802774
"MultinomialNB(SelectFwe(input_matrix, SelectFwe__alpha=0.049), MultinomialNB__alpha=1.0, MultinomialNB__fit_prior=False)",0.8058516771488471,67,0.7088854648176682,0.7959938366718028
"MultinomialNB(ExtraTreesClassifier(SelectFwe(input_matrix, SelectFwe__alpha=0.012), ExtraTreesClassifier__bootstrap=True, ExtraTreesClassifier__criterion=entropy, ExtraTreesClassifier__max_features=0.7500000000000001, ExtraTreesClassifier__min_samples_leaf=17, ExtraTreesClassifier__min_samples_split=3, ExtraTreesClassifier__n_estimators=100), MultinomialNB__alpha=1.0, MultinomialNB__fit_prior=False)",0.8132547169811322,67,0.6797637390857729,0.7925012840267077
"MultinomialNB(input_matrix, MultinomialNB__alpha=1.0, MultinomialNB__fit_prior=False)",0.7805105695317959,68,0.7104776579352851,0.7993836671802774
"MultinomialNB(SelectFwe(input_matrix, SelectFwe__alpha=0.049), MultinomialNB__alpha=1.0, MultinomialNB__fit_prior=False)",0.8058516771488471,68,0.7088854648176682,0.7959938366718028
"MultinomialNB(ExtraTreesClassifier(SelectFwe(input_matrix, SelectFwe__alpha=0.012), ExtraTreesClassifier__bootstrap=True, ExtraTreesClassifier__criterion=entropy, ExtraTreesClassifier__max_features=0.7500000000000001, ExtraTreesClassifier__min_samples_leaf=17, ExtraTreesClassifier__min_samples_split=3, ExtraTreesClassifier__n_estimators=100), MultinomialNB__alpha=1.0, MultinomialNB__fit_prior=False)",0.8132547169811322,68,0.6888546481766821,0.7938366718027735
"MultinomialNB(input_matrix, MultinomialNB__alpha=1.0, MultinomialNB__fit_prior=False)",0.7805105695317959,69,0.7104776579352851,0.7993836671802774
"MultinomialNB(SelectFwe(input_matrix, SelectFwe__alpha=0.049), MultinomialNB__alpha=1.0, MultinomialNB__fit_prior=False)",0.8058516771488471,69,0.7088854648176682,0.7959938366718028
"MultinomialNB(ExtraTreesClassifier(SelectFwe(input_matrix, SelectFwe__alpha=0.012), ExtraTreesClassifier__bootstrap=True, ExtraTreesClassifier__criterion=entropy, ExtraTreesClassifier__max_features=0.7500000000000001, ExtraTreesClassifier__min_samples_leaf=17, ExtraTreesClassifier__min_samples_split=3, ExtraTreesClassifier__n_estimators=100), MultinomialNB__alpha=1.0, MultinomialNB__fit_prior=False)",0.8132547169811322,69,0.6888546481766821,0.7921931176168465
"MultinomialNB(input_matrix, MultinomialNB__alpha=1.0, MultinomialNB__fit_prior=False)",0.7805105695317959,70,0.7104776579352851,0.7993836671802774
"MultinomialNB(SelectFwe(input_matrix, SelectFwe__alpha=0.049), MultinomialNB__alpha=1.0, MultinomialNB__fit_prior=False)",0.8058516771488471,70,0.7088854648176682,0.7959938366718028
"MultinomialNB(ExtraTreesClassifier(SelectFwe(input_matrix, SelectFwe__alpha=0.012), ExtraTreesClassifier__bootstrap=True, ExtraTreesClassifier__criterion=entropy, ExtraTreesClassifier__max_features=0.7500000000000001, ExtraTreesClassifier__min_samples_leaf=17, ExtraTreesClassifier__min_samples_split=3, ExtraTreesClassifier__n_estimators=100), MultinomialNB__alpha=1.0, MultinomialNB__fit_prior=False)",0.8132547169811322,70,0.695120698510529,0.7912686183872625
"MultinomialNB(input_matrix, MultinomialNB__alpha=1.0, MultinomialNB__fit_prior=False)",0.7805105695317959,71,0.7104776579352851,0.7993836671802774
"MultinomialNB(SelectFwe(input_matrix, SelectFwe__alpha=0.049), MultinomialNB__alpha=1.0, MultinomialNB__fit_prior=False)",0.8058516771488471,71,0.7088854648176682,0.7959938366718028
"MultinomialNB(ExtraTreesClassifier(SelectFwe(input_matrix, SelectFwe__alpha=0.012), ExtraTreesClassifier__bootstrap=True, ExtraTreesClassifier__criterion=entropy, ExtraTreesClassifier__max_features=0.7500000000000001, ExtraTreesClassifier__min_samples_leaf=17, ExtraTreesClassifier__min_samples_split=3, ExtraTreesClassifier__n_estimators=100), MultinomialNB__alpha=1.0, MultinomialNB__fit_prior=False)",0.8132547169811322,71,0.6916795069337442,0.7905495634309194
"MultinomialNB(input_matrix, MultinomialNB__alpha=1.0, MultinomialNB__fit_prior=False)",0.7805105695317959,72,0.7104776579352851,0.7993836671802774
"MultinomialNB(SelectFwe(input_matrix, SelectFwe__alpha=0.049), MultinomialNB__alpha=1.0, MultinomialNB__fit_prior=False)",0.8058516771488471,72,0.7088854648176682,0.7959938366718028
"MultinomialNB(ExtraTreesClassifier(SelectFwe(input_matrix, SelectFwe__alpha=0.012), ExtraTreesClassifier__bootstrap=True, ExtraTreesClassifier__criterion=entropy, ExtraTreesClassifier__max_features=0.7500000000000001, ExtraTreesClassifier__min_samples_leaf=17, ExtraTreesClassifier__min_samples_split=3, ExtraTreesClassifier__n_estimators=100), MultinomialNB__alpha=1.0, MultinomialNB__fit_prior=False)",0.8132547169811322,72,0.6825885978428351,0.7917822290703647
"MultinomialNB(input_matrix, MultinomialNB__alpha=1.0, MultinomialNB__fit_prior=False)",0.7805105695317959,73,0.7104776579352851,0.7993836671802774
"MultinomialNB(SelectFwe(input_matrix, SelectFwe__alpha=0.049), MultinomialNB__alpha=1.0, MultinomialNB__fit_prior=False)",0.8058516771488471,73,0.7088854648176682,0.7959938366718028
"MultinomialNB(RandomForestClassifier(SelectFwe(input_matrix, SelectFwe__alpha=0.026000000000000002), RandomForestClassifier__bootstrap=True, RandomForestClassifier__criterion=entropy, RandomForestClassifier__max_features=0.9500000000000001, RandomForestClassifier__min_samples_leaf=13, RandomForestClassifier__min_samples_split=19, RandomForestClassifier__n_estimators=100), MultinomialNB__alpha=0.001, MultinomialNB__fit_prior=False)",0.8152052760307477,73,0.7142783769902414,0.7885978428351309
"MultinomialNB(input_matrix, MultinomialNB__alpha=1.0, MultinomialNB__fit_prior=False)",0.7805105695317959,74,0.7104776579352851,0.7993836671802774
"MultinomialNB(SelectFwe(input_matrix, SelectFwe__alpha=0.049), MultinomialNB__alpha=1.0, MultinomialNB__fit_prior=False)",0.8058516771488471,74,0.7088854648176682,0.7959938366718028
"MultinomialNB(RandomForestClassifier(SelectFwe(input_matrix, SelectFwe__alpha=0.026000000000000002), RandomForestClassifier__bootstrap=True, RandomForestClassifier__criterion=entropy, RandomForestClassifier__max_features=0.9500000000000001, RandomForestClassifier__min_samples_leaf=13, RandomForestClassifier__min_samples_split=19, RandomForestClassifier__n_estimators=100), MultinomialNB__alpha=0.001, MultinomialNB__fit_prior=False)",0.8152052760307477,74,0.699537750385208,0.7862352336928609
"MultinomialNB(input_matrix, MultinomialNB__alpha=1.0, MultinomialNB__fit_prior=False)",0.7805105695317959,75,0.7104776579352851,0.7993836671802774
"MultinomialNB(SelectFwe(input_matrix, SelectFwe__alpha=0.049), MultinomialNB__alpha=1.0, MultinomialNB__fit_prior=False)",0.8058516771488471,75,0.7088854648176682,0.7959938366718028
"MultinomialNB(RandomForestClassifier(SelectFwe(input_matrix, SelectFwe__alpha=0.026000000000000002), RandomForestClassifier__bootstrap=True, RandomForestClassifier__criterion=entropy, RandomForestClassifier__max_features=0.9500000000000001, RandomForestClassifier__min_samples_leaf=13, RandomForestClassifier__min_samples_split=19, RandomForestClassifier__n_estimators=100), MultinomialNB__alpha=0.001, MultinomialNB__fit_prior=False)",0.8152052760307477,75,0.699537750385208,0.7889060092449924
"MultinomialNB(input_matrix, MultinomialNB__alpha=1.0, MultinomialNB__fit_prior=False)",0.7805105695317959,76,0.7104776579352851,0.7993836671802774
"MultinomialNB(SelectFwe(input_matrix, SelectFwe__alpha=0.049), MultinomialNB__alpha=1.0, MultinomialNB__fit_prior=False)",0.8058516771488471,76,0.7088854648176682,0.7959938366718028
"MultinomialNB(RandomForestClassifier(SelectFwe(input_matrix, SelectFwe__alpha=0.026000000000000002), RandomForestClassifier__bootstrap=True, RandomForestClassifier__criterion=entropy, RandomForestClassifier__max_features=0.9500000000000001, RandomForestClassifier__min_samples_leaf=13, RandomForestClassifier__min_samples_split=19, RandomForestClassifier__n_estimators=100), MultinomialNB__alpha=0.001, MultinomialNB__fit_prior=False)",0.8152052760307477,76,0.7023626091422701,0.787878787878788
"MultinomialNB(input_matrix, MultinomialNB__alpha=1.0, MultinomialNB__fit_prior=False)",0.7805105695317959,77,0.7104776579352851,0.7993836671802774
"MultinomialNB(SelectFwe(input_matrix, SelectFwe__alpha=0.049), MultinomialNB__alpha=1.0, MultinomialNB__fit_prior=False)",0.8058516771488471,77,0.7088854648176682,0.7959938366718028
"MultinomialNB(RandomForestClassifier(SelectFwe(input_matrix, SelectFwe__alpha=0.026000000000000002), RandomForestClassifier__bootstrap=True, RandomForestClassifier__criterion=entropy, RandomForestClassifier__max_features=0.9500000000000001, RandomForestClassifier__min_samples_leaf=13, RandomForestClassifier__min_samples_split=19, RandomForestClassifier__n_estimators=100), MultinomialNB__alpha=0.001, MultinomialNB__fit_prior=False)",0.8152052760307477,77,0.7114535182331793,0.7891114535182332
"MultinomialNB(input_matrix, MultinomialNB__alpha=1.0, MultinomialNB__fit_prior=False)",0.7805105695317959,78,0.7104776579352851,0.7993836671802774
"MultinomialNB(SelectFwe(input_matrix, SelectFwe__alpha=0.049), MultinomialNB__alpha=1.0, MultinomialNB__fit_prior=False)",0.8058516771488471,78,0.7088854648176682,0.7959938366718028
"MultinomialNB(RandomForestClassifier(SelectFwe(input_matrix, SelectFwe__alpha=0.026000000000000002), RandomForestClassifier__bootstrap=True, RandomForestClassifier__criterion=entropy, RandomForestClassifier__max_features=0.9500000000000001, RandomForestClassifier__min_samples_leaf=13, RandomForestClassifier__min_samples_split=19, RandomForestClassifier__n_estimators=100), MultinomialNB__alpha=0.001, MultinomialNB__fit_prior=False)",0.8152052760307477,78,0.7142783769902414,0.7879815100154084
"MultinomialNB(input_matrix, MultinomialNB__alpha=1.0, MultinomialNB__fit_prior=False)",0.7805105695317959,79,0.7104776579352851,0.7993836671802774
"MultinomialNB(SelectFwe(input_matrix, SelectFwe__alpha=0.049), MultinomialNB__alpha=1.0, MultinomialNB__fit_prior=False)",0.8058516771488471,79,0.7088854648176682,0.7959938366718028
"MultinomialNB(RandomForestClassifier(SelectFwe(input_matrix, SelectFwe__alpha=0.026000000000000002), RandomForestClassifier__bootstrap=True, RandomForestClassifier__criterion=entropy, RandomForestClassifier__max_features=0.9500000000000001, RandomForestClassifier__min_samples_leaf=13, RandomForestClassifier__min_samples_split=19, RandomForestClassifier__n_estimators=100), MultinomialNB__alpha=0.001, MultinomialNB__fit_prior=False)",0.8152052760307477,79,0.705803800719055,0.7923985618900873
"MultinomialNB(input_matrix, MultinomialNB__alpha=1.0, MultinomialNB__fit_prior=False)",0.7805105695317959,80,0.7104776579352851,0.7993836671802774
"MultinomialNB(SelectFwe(input_matrix, SelectFwe__alpha=0.049), MultinomialNB__alpha=1.0, MultinomialNB__fit_prior=False)",0.8058516771488471,80,0.7088854648176682,0.7959938366718028
"MultinomialNB(RandomForestClassifier(SelectFwe(input_matrix, SelectFwe__alpha=0.026000000000000002), RandomForestClassifier__bootstrap=True, RandomForestClassifier__criterion=entropy, RandomForestClassifier__max_features=0.9500000000000001, RandomForestClassifier__min_samples_leaf=13, RandomForestClassifier__min_samples_split=19, RandomForestClassifier__n_estimators=100), MultinomialNB__alpha=0.001, MultinomialNB__fit_prior=False)",0.8152052760307477,80,0.7086286594761171,0.7889060092449923
"MultinomialNB(input_matrix, MultinomialNB__alpha=1.0, MultinomialNB__fit_prior=False)",0.7805105695317959,81,0.7104776579352851,0.7993836671802774
"MultinomialNB(SelectFwe(input_matrix, SelectFwe__alpha=0.049), MultinomialNB__alpha=1.0, MultinomialNB__fit_prior=False)",0.8058516771488471,81,0.7088854648176682,0.7959938366718028
"MultinomialNB(RandomForestClassifier(SelectFwe(input_matrix, SelectFwe__alpha=0.026000000000000002), RandomForestClassifier__bootstrap=True, RandomForestClassifier__criterion=entropy, RandomForestClassifier__max_features=0.9500000000000001, RandomForestClassifier__min_samples_leaf=13, RandomForestClassifier__min_samples_split=19, RandomForestClassifier__n_estimators=100), MultinomialNB__alpha=0.001, MultinomialNB__fit_prior=False)",0.8152052760307477,81,0.7051874678993323,0.7888032871083719
"MultinomialNB(input_matrix, MultinomialNB__alpha=1.0, MultinomialNB__fit_prior=False)",0.7805105695317959,82,0.7104776579352851,0.7993836671802774
"MultinomialNB(SelectFwe(input_matrix, SelectFwe__alpha=0.049), MultinomialNB__alpha=1.0, MultinomialNB__fit_prior=False)",0.8058516771488471,82,0.7088854648176682,0.7959938366718028
"MultinomialNB(RandomForestClassifier(SelectFwe(input_matrix, SelectFwe__alpha=0.026000000000000002), RandomForestClassifier__bootstrap=True, RandomForestClassifier__criterion=entropy, RandomForestClassifier__max_features=0.9500000000000001, RandomForestClassifier__min_samples_leaf=13, RandomForestClassifier__min_samples_split=19, RandomForestClassifier__n_estimators=100), MultinomialNB__alpha=0.001, MultinomialNB__fit_prior=False)",0.8152052760307477,82,0.7023626091422701,0.787673343605547
"MultinomialNB(input_matrix, MultinomialNB__alpha=1.0, MultinomialNB__fit_prior=False)",0.7805105695317959,83,0.7104776579352851,0.7993836671802774
"MultinomialNB(SelectFwe(input_matrix, SelectFwe__alpha=0.049), MultinomialNB__alpha=1.0, MultinomialNB__fit_prior=False)",0.8058516771488471,83,0.7088854648176682,0.7959938366718028
"MultinomialNB(RandomForestClassifier(SelectFwe(input_matrix, SelectFwe__alpha=0.026000000000000002), RandomForestClassifier__bootstrap=True, RandomForestClassifier__criterion=entropy, RandomForestClassifier__max_features=0.9500000000000001, RandomForestClassifier__min_samples_leaf=13, RandomForestClassifier__min_samples_split=19, RandomForestClassifier__n_estimators=100), MultinomialNB__alpha=0.001, MultinomialNB__fit_prior=False)",0.8152052760307477,83,0.705803800719055,0.7893168977914741
"MultinomialNB(input_matrix, MultinomialNB__alpha=1.0, MultinomialNB__fit_prior=False)",0.7805105695317959,84,0.7104776579352851,0.7993836671802774
"MultinomialNB(SelectFwe(input_matrix, SelectFwe__alpha=0.049), MultinomialNB__alpha=1.0, MultinomialNB__fit_prior=False)",0.8058516771488471,84,0.7088854648176682,0.7959938366718028
"MultinomialNB(RandomForestClassifier(SelectFwe(input_matrix, SelectFwe__alpha=0.026000000000000002), RandomForestClassifier__bootstrap=True, RandomForestClassifier__criterion=entropy, RandomForestClassifier__max_features=0.9500000000000001, RandomForestClassifier__min_samples_leaf=13, RandomForestClassifier__min_samples_split=19, RandomForestClassifier__n_estimators=100), MultinomialNB__alpha=0.001, MultinomialNB__fit_prior=False)",0.8152052760307477,84,0.7051874678993323,0.7893168977914741
"MultinomialNB(input_matrix, MultinomialNB__alpha=1.0, MultinomialNB__fit_prior=False)",0.7805105695317959,85,0.7104776579352851,0.7993836671802774
"MultinomialNB(SelectFwe(input_matrix, SelectFwe__alpha=0.049), MultinomialNB__alpha=1.0, MultinomialNB__fit_prior=False)",0.8058516771488471,85,0.7088854648176682,0.7959938366718028
"MultinomialNB(RandomForestClassifier(SelectFwe(input_matrix, SelectFwe__alpha=0.026000000000000002), RandomForestClassifier__bootstrap=True, RandomForestClassifier__criterion=entropy, RandomForestClassifier__max_features=0.9500000000000001, RandomForestClassifier__min_samples_leaf=13, RandomForestClassifier__min_samples_split=19, RandomForestClassifier__n_estimators=100), MultinomialNB__alpha=0.001, MultinomialNB__fit_prior=False)",0.8152052760307477,85,0.7086286594761171,0.7848998459167952
"MultinomialNB(input_matrix, MultinomialNB__alpha=1.0, MultinomialNB__fit_prior=False)",0.7805105695317959,86,0.7104776579352851,0.7993836671802774
"MultinomialNB(SelectFwe(input_matrix, SelectFwe__alpha=0.049), MultinomialNB__alpha=1.0, MultinomialNB__fit_prior=False)",0.8058516771488471,86,0.7088854648176682,0.7959938366718028
"MultinomialNB(RandomForestClassifier(SelectFwe(input_matrix, SelectFwe__alpha=0.026000000000000002), RandomForestClassifier__bootstrap=True, RandomForestClassifier__criterion=entropy, RandomForestClassifier__max_features=0.9500000000000001, RandomForestClassifier__min_samples_leaf=13, RandomForestClassifier__min_samples_split=19, RandomForestClassifier__n_estimators=100), MultinomialNB__alpha=0.001, MultinomialNB__fit_prior=False)",0.8152052760307477,86,0.7023626091422701,0.7871597329224448
"MultinomialNB(input_matrix, MultinomialNB__alpha=1.0, MultinomialNB__fit_prior=False)",0.7805105695317959,87,0.7104776579352851,0.7993836671802774
"MultinomialNB(SelectFwe(input_matrix, SelectFwe__alpha=0.049), MultinomialNB__alpha=1.0, MultinomialNB__fit_prior=False)",0.8058516771488471,87,0.7088854648176682,0.7959938366718028
"MultinomialNB(RandomForestClassifier(SelectFwe(input_matrix, SelectFwe__alpha=0.026000000000000002), RandomForestClassifier__bootstrap=True, RandomForestClassifier__criterion=entropy, RandomForestClassifier__max_features=0.9500000000000001, RandomForestClassifier__min_samples_leaf=13, RandomForestClassifier__min_samples_split=19, RandomForestClassifier__n_estimators=100), MultinomialNB__alpha=0.001, MultinomialNB__fit_prior=False)",0.8152052760307477,87,0.699537750385208,0.78602978941962
"MultinomialNB(input_matrix, MultinomialNB__alpha=1.0, MultinomialNB__fit_prior=False)",0.7805105695317959,88,0.7104776579352851,0.7993836671802774
"MultinomialNB(SelectFwe(input_matrix, SelectFwe__alpha=0.049), MultinomialNB__alpha=1.0, MultinomialNB__fit_prior=False)",0.8058516771488471,88,0.7088854648176682,0.7959938366718028
"MultinomialNB(RandomForestClassifier(SelectFwe(input_matrix, SelectFwe__alpha=0.026000000000000002), RandomForestClassifier__bootstrap=True, RandomForestClassifier__criterion=entropy, RandomForestClassifier__max_features=0.9500000000000001, RandomForestClassifier__min_samples_leaf=13, RandomForestClassifier__min_samples_split=19, RandomForestClassifier__n_estimators=100), MultinomialNB__alpha=0.001, MultinomialNB__fit_prior=False)",0.8152052760307477,88,0.7023626091422701,0.7859270672829994
"MultinomialNB(input_matrix, MultinomialNB__alpha=1.0, MultinomialNB__fit_prior=False)",0.7805105695317959,89,0.7104776579352851,0.7993836671802774
"MultinomialNB(SelectFwe(input_matrix, SelectFwe__alpha=0.049), MultinomialNB__alpha=1.0, MultinomialNB__fit_prior=False)",0.8058516771488471,89,0.7088854648176682,0.7959938366718028
"MultinomialNB(RandomForestClassifier(SelectFwe(input_matrix, SelectFwe__alpha=0.026000000000000002), RandomForestClassifier__bootstrap=True, RandomForestClassifier__criterion=entropy, RandomForestClassifier__max_features=0.9500000000000001, RandomForestClassifier__min_samples_leaf=13, RandomForestClassifier__min_samples_split=19, RandomForestClassifier__n_estimators=100), MultinomialNB__alpha=0.001, MultinomialNB__fit_prior=False)",0.8152052760307477,89,0.7023626091422701,0.7881869542886493
"MultinomialNB(input_matrix, MultinomialNB__alpha=1.0, MultinomialNB__fit_prior=False)",0.7805105695317959,90,0.7104776579352851,0.7993836671802774
"MultinomialNB(SelectFwe(input_matrix, SelectFwe__alpha=0.049), MultinomialNB__alpha=1.0, MultinomialNB__fit_prior=False)",0.8058516771488471,90,0.7088854648176682,0.7959938366718028
"MultinomialNB(RandomForestClassifier(SelectFwe(input_matrix, SelectFwe__alpha=0.026000000000000002), RandomForestClassifier__bootstrap=True, RandomForestClassifier__criterion=entropy, RandomForestClassifier__max_features=0.9500000000000001, RandomForestClassifier__min_samples_leaf=13, RandomForestClassifier__min_samples_split=19, RandomForestClassifier__n_estimators=100), MultinomialNB__alpha=0.001, MultinomialNB__fit_prior=False)",0.8152052760307477,90,0.7114535182331793,0.7890087313816128
"MultinomialNB(input_matrix, MultinomialNB__alpha=1.0, MultinomialNB__fit_prior=False)",0.7805105695317959,91,0.7104776579352851,0.7993836671802774
"MultinomialNB(SelectFwe(input_matrix, SelectFwe__alpha=0.049), MultinomialNB__alpha=1.0, MultinomialNB__fit_prior=False)",0.8058516771488471,91,0.7088854648176682,0.7959938366718028
"MultinomialNB(RandomForestClassifier(SelectFwe(input_matrix, SelectFwe__alpha=0.026000000000000002), RandomForestClassifier__bootstrap=True, RandomForestClassifier__criterion=entropy, RandomForestClassifier__max_features=0.9500000000000001, RandomForestClassifier__min_samples_leaf=13, RandomForestClassifier__min_samples_split=19, RandomForestClassifier__n_estimators=100), MultinomialNB__alpha=0.001, MultinomialNB__fit_prior=False)",0.8152052760307477,91,0.6960965588084231,0.7887005649717513
"MultinomialNB(input_matrix, MultinomialNB__alpha=1.0, MultinomialNB__fit_prior=False)",0.7805105695317959,92,0.7104776579352851,0.7993836671802774
"MultinomialNB(SelectFwe(input_matrix, SelectFwe__alpha=0.049), MultinomialNB__alpha=1.0, MultinomialNB__fit_prior=False)",0.8058516771488471,92,0.7088854648176682,0.7959938366718028
"MultinomialNB(RandomForestClassifier(SelectFwe(input_matrix, SelectFwe__alpha=0.026000000000000002), RandomForestClassifier__bootstrap=True, RandomForestClassifier__criterion=entropy, RandomForestClassifier__max_features=0.9500000000000001, RandomForestClassifier__min_samples_leaf=13, RandomForestClassifier__min_samples_split=19, RandomForestClassifier__n_estimators=100), MultinomialNB__alpha=0.001, MultinomialNB__fit_prior=False)",0.8152052760307477,92,0.7051874678993323,0.789522342064715
"MultinomialNB(input_matrix, MultinomialNB__alpha=1.0, MultinomialNB__fit_prior=False)",0.7805105695317959,93,0.7104776579352851,0.7993836671802774
"MultinomialNB(SelectFwe(input_matrix, SelectFwe__alpha=0.049), MultinomialNB__alpha=1.0, MultinomialNB__fit_prior=False)",0.8058516771488471,93,0.7088854648176682,0.7959938366718028
"MultinomialNB(RandomForestClassifier(SelectFwe(input_matrix, SelectFwe__alpha=0.026000000000000002), RandomForestClassifier__bootstrap=True, RandomForestClassifier__criterion=entropy, RandomForestClassifier__max_features=0.9500000000000001, RandomForestClassifier__min_samples_leaf=13, RandomForestClassifier__min_samples_split=19, RandomForestClassifier__n_estimators=100), MultinomialNB__alpha=0.001, MultinomialNB__fit_prior=False)",0.8152052760307477,93,0.7142783769902414,0.7905495634309194
"MultinomialNB(input_matrix, MultinomialNB__alpha=1.0, MultinomialNB__fit_prior=False)",0.7805105695317959,94,0.7104776579352851,0.7993836671802774
"MultinomialNB(SelectFwe(input_matrix, SelectFwe__alpha=0.049), MultinomialNB__alpha=1.0, MultinomialNB__fit_prior=False)",0.8058516771488471,94,0.7088854648176682,0.7959938366718028
"MultinomialNB(RandomForestClassifier(SelectFwe(input_matrix, SelectFwe__alpha=0.026000000000000002), RandomForestClassifier__bootstrap=True, RandomForestClassifier__criterion=entropy, RandomForestClassifier__max_features=0.9500000000000001, RandomForestClassifier__min_samples_leaf=13, RandomForestClassifier__min_samples_split=19, RandomForestClassifier__n_estimators=100), MultinomialNB__alpha=0.001, MultinomialNB__fit_prior=False)",0.8152052760307477,94,0.7114535182331793,0.7918849512069851
"MultinomialNB(input_matrix, MultinomialNB__alpha=1.0, MultinomialNB__fit_prior=False)",0.7805105695317959,95,0.7104776579352851,0.7993836671802774
"MultinomialNB(SelectFwe(input_matrix, SelectFwe__alpha=0.049), MultinomialNB__alpha=1.0, MultinomialNB__fit_prior=False)",0.8058516771488471,95,0.7088854648176682,0.7959938366718028
"MultinomialNB(RandomForestClassifier(SelectFwe(input_matrix, SelectFwe__alpha=0.026000000000000002), RandomForestClassifier__bootstrap=True, RandomForestClassifier__criterion=entropy, RandomForestClassifier__max_features=0.9500000000000001, RandomForestClassifier__min_samples_leaf=13, RandomForestClassifier__min_samples_split=19, RandomForestClassifier__n_estimators=100), MultinomialNB__alpha=0.001, MultinomialNB__fit_prior=False)",0.8152052760307477,95,0.7114535182331793,0.7843862352336929
"MultinomialNB(input_matrix, MultinomialNB__alpha=1.0, MultinomialNB__fit_prior=False)",0.7805105695317959,96,0.7104776579352851,0.7993836671802774
"MultinomialNB(SelectFwe(input_matrix, SelectFwe__alpha=0.049), MultinomialNB__alpha=1.0, MultinomialNB__fit_prior=False)",0.8058516771488471,96,0.7088854648176682,0.7959938366718028
"MultinomialNB(RandomForestClassifier(SelectFwe(input_matrix, SelectFwe__alpha=0.026000000000000002), RandomForestClassifier__bootstrap=True, RandomForestClassifier__criterion=entropy, RandomForestClassifier__max_features=0.9500000000000001, RandomForestClassifier__min_samples_leaf=13, RandomForestClassifier__min_samples_split=19, RandomForestClassifier__n_estimators=100), MultinomialNB__alpha=0.001, MultinomialNB__fit_prior=False)",0.8152052760307477,96,0.7114535182331793,0.7882896764252697
"MultinomialNB(input_matrix, MultinomialNB__alpha=1.0, MultinomialNB__fit_prior=False)",0.7805105695317959,97,0.7104776579352851,0.7993836671802774
"MultinomialNB(SelectFwe(input_matrix, SelectFwe__alpha=0.049), MultinomialNB__alpha=1.0, MultinomialNB__fit_prior=False)",0.8058516771488471,97,0.7088854648176682,0.7959938366718028
"MultinomialNB(RandomForestClassifier(SelectFwe(input_matrix, SelectFwe__alpha=0.027), RandomForestClassifier__bootstrap=True, RandomForestClassifier__criterion=entropy, RandomForestClassifier__max_features=0.9500000000000001, RandomForestClassifier__min_samples_leaf=13, RandomForestClassifier__min_samples_split=19, RandomForestClassifier__n_estimators=100), MultinomialNB__alpha=0.001, MultinomialNB__fit_prior=False)",0.81666928721174,97,0.705803800719055,0.7852080123266564
"MultinomialNB(input_matrix, MultinomialNB__alpha=1.0, MultinomialNB__fit_prior=False)",0.7805105695317959,98,0.7104776579352851,0.7993836671802774
"MultinomialNB(SelectFwe(input_matrix, SelectFwe__alpha=0.049), MultinomialNB__alpha=1.0, MultinomialNB__fit_prior=False)",0.8058516771488471,98,0.7088854648176682,0.7959938366718028
"MultinomialNB(RandomForestClassifier(SelectFwe(input_matrix, SelectFwe__alpha=0.027), RandomForestClassifier__bootstrap=True, RandomForestClassifier__criterion=entropy, RandomForestClassifier__max_features=0.9500000000000001, RandomForestClassifier__min_samples_leaf=13, RandomForestClassifier__min_samples_split=19, RandomForestClassifier__n_estimators=100), MultinomialNB__alpha=0.001, MultinomialNB__fit_prior=False)",0.81666928721174,98,0.7086286594761171,0.7890087313816126
"MultinomialNB(input_matrix, MultinomialNB__alpha=1.0, MultinomialNB__fit_prior=False)",0.7805105695317959,99,0.7104776579352851,0.7993836671802774
"MultinomialNB(SelectFwe(input_matrix, SelectFwe__alpha=0.049), MultinomialNB__alpha=1.0, MultinomialNB__fit_prior=False)",0.8058516771488471,99,0.7088854648176682,0.7959938366718028
"MultinomialNB(RandomForestClassifier(SelectFwe(input_matrix, SelectFwe__alpha=0.027), RandomForestClassifier__bootstrap=True, RandomForestClassifier__criterion=entropy, RandomForestClassifier__max_features=0.9500000000000001, RandomForestClassifier__min_samples_leaf=13, RandomForestClassifier__min_samples_split=19, RandomForestClassifier__n_estimators=100), MultinomialNB__alpha=0.001, MultinomialNB__fit_prior=False)",0.81666928721174,99,0.7114535182331793,0.7860297894196199
"MultinomialNB(input_matrix, MultinomialNB__alpha=1.0, MultinomialNB__fit_prior=False)",0.7805105695317959,100,0.7104776579352851,0.7993836671802774
"MultinomialNB(SelectFwe(input_matrix, SelectFwe__alpha=0.049), MultinomialNB__alpha=1.0, MultinomialNB__fit_prior=False)",0.8058516771488471,100,0.7088854648176682,0.7959938366718028
"MultinomialNB(RandomForestClassifier(SelectFwe(input_matrix, SelectFwe__alpha=0.027), RandomForestClassifier__bootstrap=True, RandomForestClassifier__criterion=entropy, RandomForestClassifier__max_features=0.9500000000000001, RandomForestClassifier__min_samples_leaf=13, RandomForestClassifier__min_samples_split=19, RandomForestClassifier__n_estimators=100), MultinomialNB__alpha=0.001, MultinomialNB__fit_prior=False)",0.81666928721174,100,0.7051874678993323,0.7898305084745764
