level_0,index,pipeline,cv_score,generation,holdout_score,holdout_roc_auc_score,type,upper_ci_holdout,lower_ci_holdout,operator_count
1,4,"XGBClassifier(RFE(input_matrix, RFE__ExtraTreesClassifier__criterion=gini, RFE__ExtraTreesClassifier__max_features=0.45, RFE__ExtraTreesClassifier__n_estimators=100, RFE__step=0.15000000000000002), XGBClassifier__learning_rate=0.5, XGBClassifier__max_depth=6, XGBClassifier__min_child_weight=9, XGBClassifier__n_estimators=100, XGBClassifier__n_jobs=1, XGBClassifier__subsample=1.0, XGBClassifier__verbosity=0)",0.8700515947467167,2,0.9,0.9673967396739674,baseline,0.941577878733769,0.8584221212662311,2
2,11,"RandomForestClassifier(RFE(PolynomialFeatures(input_matrix, PolynomialFeatures__degree=2, PolynomialFeatures__include_bias=False, PolynomialFeatures__interaction_only=False), RFE__ExtraTreesClassifier__criterion=gini, RFE__ExtraTreesClassifier__max_features=0.15000000000000002, RFE__ExtraTreesClassifier__n_estimators=100, RFE__step=0.25), RandomForestClassifier__bootstrap=False, RandomForestClassifier__criterion=entropy, RandomForestClassifier__max_features=0.55, RandomForestClassifier__min_samples_leaf=1, RandomForestClassifier__min_samples_split=13, RandomForestClassifier__n_estimators=100)",0.9912484365228268,6,0.995,0.9990985576923076,baseline,1.0047754692981974,0.9852245307018026,3
0,0,"RandomForestClassifier(input_matrix, RandomForestClassifier__bootstrap=False, RandomForestClassifier__criterion=entropy, RandomForestClassifier__max_features=0.55, RandomForestClassifier__min_samples_leaf=2, RandomForestClassifier__min_samples_split=20, RandomForestClassifier__n_estimators=100)",0.9140684732469072,0,0.72,0.9815672948203068,baseline,0.7822280708362391,0.6577719291637608,1
1,5,"XGBClassifier(RFE(input_matrix, RFE__ExtraTreesClassifier__criterion=entropy, RFE__ExtraTreesClassifier__max_features=1.0, RFE__ExtraTreesClassifier__n_estimators=100, RFE__step=0.8), XGBClassifier__learning_rate=0.5, XGBClassifier__max_depth=8, XGBClassifier__min_child_weight=7, XGBClassifier__n_estimators=100, XGBClassifier__n_jobs=1, XGBClassifier__subsample=0.9500000000000001, XGBClassifier__verbosity=0)",0.8726344590368982,2,0.895,0.9528690583860918,baseline,0.937486136562413,0.8525138634375871,2
3,31,"GradientBoostingClassifier(SGDClassifier(MinMaxScaler(PolynomialFeatures(input_matrix, PolynomialFeatures__degree=2, PolynomialFeatures__include_bias=False, PolynomialFeatures__interaction_only=False)), SGDClassifier__alpha=0.01, SGDClassifier__eta0=1.0, SGDClassifier__fit_intercept=False, SGDClassifier__l1_ratio=0.75, SGDClassifier__learning_rate=constant, SGDClassifier__loss=perceptron, SGDClassifier__penalty=elasticnet, SGDClassifier__power_t=0.1), GradientBoostingClassifier__learning_rate=0.5, GradientBoostingClassifier__max_depth=9, GradientBoostingClassifier__max_features=0.9500000000000001, GradientBoostingClassifier__min_samples_leaf=6, GradientBoostingClassifier__min_samples_split=11, GradientBoostingClassifier__n_estimators=100, GradientBoostingClassifier__subsample=1.0)",0.9849632582864292,11,0.995,0.999498746867168,baseline,1.0047754692981974,0.9852245307018026,4
2,50,"GradientBoostingClassifier(LinearSVC(PolynomialFeatures(input_matrix, PolynomialFeatures__degree=2, PolynomialFeatures__include_bias=False, PolynomialFeatures__interaction_only=False), LinearSVC__C=20.0, LinearSVC__dual=True, LinearSVC__loss=squared_hinge, LinearSVC__penalty=l2, LinearSVC__tol=0.001), GradientBoostingClassifier__learning_rate=1.0, GradientBoostingClassifier__max_depth=6, GradientBoostingClassifier__max_features=1.0, GradientBoostingClassifier__min_samples_leaf=7, GradientBoostingClassifier__min_samples_split=9, GradientBoostingClassifier__n_estimators=100, GradientBoostingClassifier__subsample=0.9500000000000001)",0.985019420032257,19,1.0,0.998575933272302,baseline,1.0,1.0,3
1,22,"RandomForestClassifier(PolynomialFeatures(input_matrix, PolynomialFeatures__degree=2, PolynomialFeatures__include_bias=False, PolynomialFeatures__interaction_only=False), RandomForestClassifier__bootstrap=True, RandomForestClassifier__criterion=entropy, RandomForestClassifier__max_features=0.7000000000000001, RandomForestClassifier__min_samples_leaf=5, RandomForestClassifier__min_samples_split=20, RandomForestClassifier__n_estimators=100)",0.9825,10,1.0,0.9998,baseline,1.0,1.0,2
1,1,"GradientBoostingClassifier(MLPClassifier(input_matrix, MLPClassifier__alpha=0.01, MLPClassifier__learning_rate_init=0.5), GradientBoostingClassifier__learning_rate=0.5, GradientBoostingClassifier__max_depth=4, GradientBoostingClassifier__max_features=0.4, GradientBoostingClassifier__min_samples_leaf=4, GradientBoostingClassifier__min_samples_split=18, GradientBoostingClassifier__n_estimators=100, GradientBoostingClassifier__subsample=0.5)",0.7362281113195748,0,0.685,0.7745774577457746,baseline,0.7493786160149472,0.620621383985053,2
2,12,"GradientBoostingClassifier(RFE(PolynomialFeatures(input_matrix, PolynomialFeatures__degree=2, PolynomialFeatures__include_bias=False, PolynomialFeatures__interaction_only=False), RFE__ExtraTreesClassifier__criterion=entropy, RFE__ExtraTreesClassifier__max_features=0.8500000000000001, RFE__ExtraTreesClassifier__n_estimators=100, RFE__step=0.6500000000000001), GradientBoostingClassifier__learning_rate=0.01, GradientBoostingClassifier__max_depth=10, GradientBoostingClassifier__max_features=0.5, GradientBoostingClassifier__min_samples_leaf=9, GradientBoostingClassifier__min_samples_split=7, GradientBoostingClassifier__n_estimators=100, GradientBoostingClassifier__subsample=0.7000000000000001)",0.9824343339587244,5,0.995,1.0,baseline,1.0047754692981974,0.9852245307018026,3
1,1,"DecisionTreeClassifier(PolynomialFeatures(input_matrix, PolynomialFeatures__degree=2, PolynomialFeatures__include_bias=False, PolynomialFeatures__interaction_only=False), DecisionTreeClassifier__criterion=entropy, DecisionTreeClassifier__max_depth=7, DecisionTreeClassifier__min_samples_leaf=1, DecisionTreeClassifier__min_samples_split=4)",0.9838078486554096,0,0.995,0.9740064231232436,baseline,1.0047754692981974,0.9852245307018026,2
1,19,"RandomForestClassifier(PolynomialFeatures(input_matrix, PolynomialFeatures__degree=2, PolynomialFeatures__include_bias=False, PolynomialFeatures__interaction_only=False), RandomForestClassifier__bootstrap=True, RandomForestClassifier__criterion=entropy, RandomForestClassifier__max_features=0.8500000000000001, RandomForestClassifier__min_samples_leaf=4, RandomForestClassifier__min_samples_split=3, RandomForestClassifier__n_estimators=100)",0.9862163852407754,9,1.0,0.9983959899749374,baseline,1.0,1.0,2
1,3,"DecisionTreeClassifier(MLPClassifier(input_matrix, MLPClassifier__alpha=0.1, MLPClassifier__learning_rate_init=0.1), DecisionTreeClassifier__criterion=entropy, DecisionTreeClassifier__max_depth=7, DecisionTreeClassifier__min_samples_leaf=16, DecisionTreeClassifier__min_samples_split=3)",0.7573874296435272,2,0.785,0.7729373932268113,baseline,0.8419370722815988,0.7280629277184013,2
1,18,"DecisionTreeClassifier(PolynomialFeatures(input_matrix, PolynomialFeatures__degree=2, PolynomialFeatures__include_bias=False, PolynomialFeatures__interaction_only=False), DecisionTreeClassifier__criterion=entropy, DecisionTreeClassifier__max_depth=6, DecisionTreeClassifier__min_samples_leaf=8, DecisionTreeClassifier__min_samples_split=13)",0.9850289243277048,9,0.98,0.9742897158863544,baseline,0.9994030100757588,0.9605969899242411,2
1,7,"DecisionTreeClassifier(PolynomialFeatures(input_matrix, PolynomialFeatures__degree=2, PolynomialFeatures__include_bias=False, PolynomialFeatures__interaction_only=False), DecisionTreeClassifier__criterion=entropy, DecisionTreeClassifier__max_depth=9, DecisionTreeClassifier__min_samples_leaf=20, DecisionTreeClassifier__min_samples_split=13)",0.977539063418396,4,0.98,0.9897772352761672,baseline,0.9994030100757588,0.9605969899242411,2
1,5,"GradientBoostingClassifier(PolynomialFeatures(input_matrix, PolynomialFeatures__degree=2, PolynomialFeatures__include_bias=False, PolynomialFeatures__interaction_only=False), GradientBoostingClassifier__learning_rate=1.0, GradientBoostingClassifier__max_depth=4, GradientBoostingClassifier__max_features=1.0, GradientBoostingClassifier__min_samples_leaf=7, GradientBoostingClassifier__min_samples_split=3, GradientBoostingClassifier__n_estimators=100, GradientBoostingClassifier__subsample=0.8500000000000001)",0.9799663852407756,3,1.0,1.0,baseline,1.0,1.0,2
1,14,"XGBClassifier(PolynomialFeatures(input_matrix, PolynomialFeatures__degree=2, PolynomialFeatures__include_bias=False, PolynomialFeatures__interaction_only=False), XGBClassifier__learning_rate=0.001, XGBClassifier__max_depth=8, XGBClassifier__min_child_weight=8, XGBClassifier__n_estimators=100, XGBClassifier__n_jobs=1, XGBClassifier__subsample=0.7000000000000001, XGBClassifier__verbosity=0)",0.9404506811117852,7,0.945,0.9731128246753248,baseline,0.9765964523325008,0.9134035476674991,2
0,3,"GradientBoostingClassifier(input_matrix, GradientBoostingClassifier__learning_rate=1.0, GradientBoostingClassifier__max_depth=7, GradientBoostingClassifier__max_features=0.9500000000000001, GradientBoostingClassifier__min_samples_leaf=11, GradientBoostingClassifier__min_samples_split=10, GradientBoostingClassifier__n_estimators=100, GradientBoostingClassifier__subsample=0.8)",0.8134232332707942,3,0.77,0.8983898389838983,baseline,0.8283244099841567,0.7116755900158434,1
1,7,"RandomForestClassifier(PolynomialFeatures(input_matrix, PolynomialFeatures__degree=2, PolynomialFeatures__include_bias=False, PolynomialFeatures__interaction_only=False), RandomForestClassifier__bootstrap=False, RandomForestClassifier__criterion=gini, RandomForestClassifier__max_features=0.45, RandomForestClassifier__min_samples_leaf=17, RandomForestClassifier__min_samples_split=16, RandomForestClassifier__n_estimators=100)",0.9826508755472172,3,0.985,0.9916791979949874,baseline,1.0018463111689178,0.9681536888310823,2
2,19,"RandomForestClassifier(BernoulliNB(RFE(input_matrix, RFE__ExtraTreesClassifier__criterion=entropy, RFE__ExtraTreesClassifier__max_features=0.35000000000000003, RFE__ExtraTreesClassifier__n_estimators=100, RFE__step=0.7500000000000001), BernoulliNB__alpha=100.0, BernoulliNB__fit_prior=True), RandomForestClassifier__bootstrap=True, RandomForestClassifier__criterion=entropy, RandomForestClassifier__max_features=1.0, RandomForestClassifier__min_samples_leaf=8, RandomForestClassifier__min_samples_split=18, RandomForestClassifier__n_estimators=100)",0.9636827704815508,7,0.965,0.9994999499949996,baseline,0.9904705751799994,0.9395294248200006,3
1,13,"GradientBoostingClassifier(PolynomialFeatures(input_matrix, PolynomialFeatures__degree=2, PolynomialFeatures__include_bias=False, PolynomialFeatures__interaction_only=False), GradientBoostingClassifier__learning_rate=0.1, GradientBoostingClassifier__max_depth=4, GradientBoostingClassifier__max_features=0.9500000000000001, GradientBoostingClassifier__min_samples_leaf=17, GradientBoostingClassifier__min_samples_split=5, GradientBoostingClassifier__n_estimators=100, GradientBoostingClassifier__subsample=0.25)",0.9074937460913072,5,0.92,0.992099209920992,baseline,0.9575993191427717,0.8824006808572283,2
1,1,"GradientBoostingClassifier(PolynomialFeatures(input_matrix, PolynomialFeatures__degree=2, PolynomialFeatures__include_bias=False, PolynomialFeatures__interaction_only=False), GradientBoostingClassifier__learning_rate=0.1, GradientBoostingClassifier__max_depth=7, GradientBoostingClassifier__max_features=0.45, GradientBoostingClassifier__min_samples_leaf=8, GradientBoostingClassifier__min_samples_split=12, GradientBoostingClassifier__n_estimators=100, GradientBoostingClassifier__subsample=0.6000000000000001)",0.9811796435272044,0,1.0,0.999397045523063,baseline,1.0,1.0,2
0,0,"XGBClassifier(input_matrix, XGBClassifier__learning_rate=1.0, XGBClassifier__max_depth=8, XGBClassifier__min_child_weight=2, XGBClassifier__n_estimators=100, XGBClassifier__n_jobs=1, XGBClassifier__subsample=0.9500000000000001, XGBClassifier__verbosity=0)",0.7960999061913696,0,0.825,0.8539415766306523,baseline,0.8776607538875014,0.7723392461124985,1
1,4,"MLPClassifier(PCA(input_matrix, PCA__iterated_power=3, PCA__svd_solver=randomized), MLPClassifier__alpha=0.001, MLPClassifier__learning_rate_init=0.1)",0.7964355071543775,3,0.735,0.8215847828298242,baseline,0.7961656619354356,0.6738343380645644,2
1,13,"GradientBoostingClassifier(PolynomialFeatures(input_matrix, PolynomialFeatures__degree=2, PolynomialFeatures__include_bias=False, PolynomialFeatures__interaction_only=False), GradientBoostingClassifier__learning_rate=0.1, GradientBoostingClassifier__max_depth=9, GradientBoostingClassifier__max_features=0.8, GradientBoostingClassifier__min_samples_leaf=3, GradientBoostingClassifier__min_samples_split=6, GradientBoostingClassifier__n_estimators=100, GradientBoostingClassifier__subsample=0.7500000000000001)",0.984961694809256,6,0.995,0.998792270531401,baseline,1.0047754692981974,0.9852245307018026,2
1,11,"RandomForestClassifier(PolynomialFeatures(input_matrix, PolynomialFeatures__degree=2, PolynomialFeatures__include_bias=False, PolynomialFeatures__interaction_only=False), RandomForestClassifier__bootstrap=True, RandomForestClassifier__criterion=entropy, RandomForestClassifier__max_features=0.55, RandomForestClassifier__min_samples_leaf=6, RandomForestClassifier__min_samples_split=13, RandomForestClassifier__n_estimators=100)",0.98375,6,1.0,0.9997,baseline,1.0,1.0,2
1,13,"XGBClassifier(PolynomialFeatures(input_matrix, PolynomialFeatures__degree=2, PolynomialFeatures__include_bias=False, PolynomialFeatures__interaction_only=False), XGBClassifier__learning_rate=0.01, XGBClassifier__max_depth=9, XGBClassifier__min_child_weight=14, XGBClassifier__n_estimators=100, XGBClassifier__n_jobs=1, XGBClassifier__subsample=0.9000000000000001, XGBClassifier__verbosity=0)",0.954642745465916,6,0.955,0.996895032051282,baseline,0.9837308858199673,0.9262691141800327,2
1,25,"RandomForestClassifier(PolynomialFeatures(input_matrix, PolynomialFeatures__degree=2, PolynomialFeatures__include_bias=False, PolynomialFeatures__interaction_only=False), RandomForestClassifier__bootstrap=True, RandomForestClassifier__criterion=entropy, RandomForestClassifier__max_features=0.9000000000000001, RandomForestClassifier__min_samples_leaf=3, RandomForestClassifier__min_samples_split=6, RandomForestClassifier__n_estimators=100)",0.9811843339587244,12,1.0,0.9985994397759104,baseline,1.0,1.0,2
2,6,"RandomForestClassifier(PolynomialFeatures(LinearSVC(input_matrix, LinearSVC__C=15.0, LinearSVC__dual=True, LinearSVC__loss=hinge, LinearSVC__penalty=l2, LinearSVC__tol=0.1), PolynomialFeatures__degree=2, PolynomialFeatures__include_bias=False, PolynomialFeatures__interaction_only=False), RandomForestClassifier__bootstrap=False, RandomForestClassifier__criterion=entropy, RandomForestClassifier__max_features=0.6500000000000001, RandomForestClassifier__min_samples_leaf=8, RandomForestClassifier__min_samples_split=3, RandomForestClassifier__n_estimators=100)",0.9886491557223264,3,0.99,0.9977858293075684,baseline,1.0037898223338808,0.9762101776661191,3
1,9,"RandomForestClassifier(PolynomialFeatures(input_matrix, PolynomialFeatures__degree=2, PolynomialFeatures__include_bias=False, PolynomialFeatures__interaction_only=False), RandomForestClassifier__bootstrap=True, RandomForestClassifier__criterion=entropy, RandomForestClassifier__max_features=0.8, RandomForestClassifier__min_samples_leaf=16, RandomForestClassifier__min_samples_split=5, RandomForestClassifier__n_estimators=100)",0.9838094121325828,5,1.0,0.9973958333333334,baseline,1.0,1.0,2
2,6,"MLPClassifier(XGBClassifier(MinMaxScaler(input_matrix), XGBClassifier__learning_rate=0.01, XGBClassifier__max_depth=6, XGBClassifier__min_child_weight=1, XGBClassifier__n_estimators=100, XGBClassifier__n_jobs=1, XGBClassifier__subsample=0.5, XGBClassifier__verbosity=0), MLPClassifier__alpha=0.01, MLPClassifier__learning_rate_init=0.01)",0.8901516572858036,2,0.88,0.9706530448717948,baseline,0.9250373711488582,0.8349626288511418,3
1,13,"RandomForestClassifier(PolynomialFeatures(input_matrix, PolynomialFeatures__degree=2, PolynomialFeatures__include_bias=False, PolynomialFeatures__interaction_only=False), RandomForestClassifier__bootstrap=True, RandomForestClassifier__criterion=gini, RandomForestClassifier__max_features=0.25, RandomForestClassifier__min_samples_leaf=6, RandomForestClassifier__min_samples_split=14, RandomForestClassifier__n_estimators=100)",0.963743746091307,6,0.975,0.9888900010009009,baseline,0.9966378141225032,0.9533621858774968,2
1,46,"GradientBoostingClassifier(PolynomialFeatures(input_matrix, PolynomialFeatures__degree=2, PolynomialFeatures__include_bias=False, PolynomialFeatures__interaction_only=False), GradientBoostingClassifier__learning_rate=0.1, GradientBoostingClassifier__max_depth=7, GradientBoostingClassifier__max_features=0.7500000000000001, GradientBoostingClassifier__min_samples_leaf=12, GradientBoostingClassifier__min_samples_split=11, GradientBoostingClassifier__n_estimators=100, GradientBoostingClassifier__subsample=1.0)",0.9836843339587242,15,0.995,0.9981983785406866,baseline,1.0047754692981974,0.9852245307018026,2
1,16,"XGBClassifier(PolynomialFeatures(input_matrix, PolynomialFeatures__degree=2, PolynomialFeatures__include_bias=False, PolynomialFeatures__interaction_only=False), XGBClassifier__learning_rate=0.5, XGBClassifier__max_depth=9, XGBClassifier__min_child_weight=3, XGBClassifier__n_estimators=100, XGBClassifier__n_jobs=1, XGBClassifier__subsample=0.7000000000000001, XGBClassifier__verbosity=0)",0.9661858974358974,9,0.985,0.9983998399839984,baseline,1.0018463111689178,0.9681536888310823,2
1,9,"RandomForestClassifier(PolynomialFeatures(input_matrix, PolynomialFeatures__degree=2, PolynomialFeatures__include_bias=False, PolynomialFeatures__interaction_only=False), RandomForestClassifier__bootstrap=False, RandomForestClassifier__criterion=gini, RandomForestClassifier__max_features=0.5, RandomForestClassifier__min_samples_leaf=3, RandomForestClassifier__min_samples_split=5, RandomForestClassifier__n_estimators=100)",0.9875273608505316,5,0.99,0.9987989190271244,baseline,1.0037898223338808,0.9762101776661191,2
1,16,"RandomForestClassifier(PolynomialFeatures(input_matrix, PolynomialFeatures__degree=2, PolynomialFeatures__include_bias=False, PolynomialFeatures__interaction_only=False), RandomForestClassifier__bootstrap=False, RandomForestClassifier__criterion=entropy, RandomForestClassifier__max_features=0.6500000000000001, RandomForestClassifier__min_samples_leaf=2, RandomForestClassifier__min_samples_split=11, RandomForestClassifier__n_estimators=100)",0.9850578486554096,8,0.99,0.9958433493589745,baseline,1.0037898223338808,0.9762101776661191,2
2,15,"GradientBoostingClassifier(CombineDFs(PolynomialFeatures(input_matrix, PolynomialFeatures__degree=2, PolynomialFeatures__include_bias=False, PolynomialFeatures__interaction_only=False), MaxAbsScaler(CombineDFs(input_matrix, input_matrix))), GradientBoostingClassifier__learning_rate=0.1, GradientBoostingClassifier__max_depth=7, GradientBoostingClassifier__max_features=0.5, GradientBoostingClassifier__min_samples_leaf=16, GradientBoostingClassifier__min_samples_split=5, GradientBoostingClassifier__n_estimators=100, GradientBoostingClassifier__subsample=0.6500000000000001)",0.9761475922451532,9,0.99,0.9973934837092732,baseline,1.0037898223338808,0.9762101776661191,3
2,17,"LinearSVC(KNeighborsClassifier(Binarizer(input_matrix, Binarizer__threshold=0.0), KNeighborsClassifier__n_neighbors=37, KNeighborsClassifier__p=2, KNeighborsClassifier__weights=distance), LinearSVC__C=25.0, LinearSVC__dual=True, LinearSVC__loss=squared_hinge, LinearSVC__penalty=l2, LinearSVC__tol=0.0001)",0.82755315822389,8,0.85,0.894789478947895,baseline,0.8994875741979742,0.8005124258020258,3
1,11,"GradientBoostingClassifier(PolynomialFeatures(input_matrix, PolynomialFeatures__degree=2, PolynomialFeatures__include_bias=False, PolynomialFeatures__interaction_only=False), GradientBoostingClassifier__learning_rate=0.01, GradientBoostingClassifier__max_depth=8, GradientBoostingClassifier__max_features=0.9500000000000001, GradientBoostingClassifier__min_samples_leaf=11, GradientBoostingClassifier__min_samples_split=6, GradientBoostingClassifier__n_estimators=100, GradientBoostingClassifier__subsample=0.6000000000000001)",0.9875273608505316,5,1.0,0.9941854636591478,baseline,1.0,1.0,2
1,15,"RandomForestClassifier(PolynomialFeatures(input_matrix, PolynomialFeatures__degree=2, PolynomialFeatures__include_bias=False, PolynomialFeatures__interaction_only=False), RandomForestClassifier__bootstrap=True, RandomForestClassifier__criterion=entropy, RandomForestClassifier__max_features=0.8500000000000001, RandomForestClassifier__min_samples_leaf=12, RandomForestClassifier__min_samples_split=16, RandomForestClassifier__n_estimators=100)",0.9886827704815512,7,0.995,0.998792270531401,baseline,1.0047754692981974,0.9852245307018026,2
1,15,"RandomForestClassifier(PolynomialFeatures(input_matrix, PolynomialFeatures__degree=2, PolynomialFeatures__include_bias=False, PolynomialFeatures__interaction_only=False), RandomForestClassifier__bootstrap=False, RandomForestClassifier__criterion=gini, RandomForestClassifier__max_features=0.9000000000000001, RandomForestClassifier__min_samples_leaf=3, RandomForestClassifier__min_samples_split=17, RandomForestClassifier__n_estimators=100)",0.978845448518106,8,0.985,0.9993896856881296,baseline,1.0018463111689178,0.9681536888310823,2
1,4,"DecisionTreeClassifier(PolynomialFeatures(input_matrix, PolynomialFeatures__degree=2, PolynomialFeatures__include_bias=False, PolynomialFeatures__interaction_only=False), DecisionTreeClassifier__criterion=entropy, DecisionTreeClassifier__max_depth=4, DecisionTreeClassifier__min_samples_leaf=15, DecisionTreeClassifier__min_samples_split=3)",0.9738320825515948,2,0.98,0.9806049643251934,epsbestlex,0.9994030100757588,0.9605969899242411,2
2,6,"BernoulliNB(XGBClassifier(SGDClassifier(input_matrix, SGDClassifier__alpha=0.0, SGDClassifier__eta0=1.0, SGDClassifier__fit_intercept=False, SGDClassifier__l1_ratio=0.5, SGDClassifier__learning_rate=constant, SGDClassifier__loss=hinge, SGDClassifier__penalty=elasticnet, SGDClassifier__power_t=100.0), XGBClassifier__learning_rate=0.5, XGBClassifier__max_depth=9, XGBClassifier__min_child_weight=2, XGBClassifier__n_estimators=100, XGBClassifier__n_jobs=1, XGBClassifier__subsample=1.0, XGBClassifier__verbosity=0), BernoulliNB__alpha=100.0, BernoulliNB__fit_prior=True)",0.8512500000000001,2,0.92,0.7945500000000001,epsbestlex,0.9575993191427717,0.8824006808572283,3
2,12,"RandomForestClassifier(PolynomialFeatures(SGDClassifier(input_matrix, SGDClassifier__alpha=0.001, SGDClassifier__eta0=0.01, SGDClassifier__fit_intercept=False, SGDClassifier__l1_ratio=0.5, SGDClassifier__learning_rate=invscaling, SGDClassifier__loss=squared_hinge, SGDClassifier__penalty=elasticnet, SGDClassifier__power_t=10.0), PolynomialFeatures__degree=2, PolynomialFeatures__include_bias=False, PolynomialFeatures__interaction_only=False), RandomForestClassifier__bootstrap=True, RandomForestClassifier__criterion=gini, RandomForestClassifier__max_features=0.7500000000000001, RandomForestClassifier__min_samples_leaf=14, RandomForestClassifier__min_samples_split=2, RandomForestClassifier__n_estimators=100)",0.9787468730456534,4,0.99,0.999799819837854,epsbestlex,1.0037898223338808,0.9762101776661191,3
1,6,"DecisionTreeClassifier(PolynomialFeatures(input_matrix, PolynomialFeatures__degree=2, PolynomialFeatures__include_bias=False, PolynomialFeatures__interaction_only=False), DecisionTreeClassifier__criterion=entropy, DecisionTreeClassifier__max_depth=9, DecisionTreeClassifier__min_samples_leaf=15, DecisionTreeClassifier__min_samples_split=13)",0.9873686679174484,3,0.98,0.9890297906602254,epsbestlex,0.9994030100757588,0.9605969899242411,2
0,0,"RandomForestClassifier(input_matrix, RandomForestClassifier__bootstrap=False, RandomForestClassifier__criterion=entropy, RandomForestClassifier__max_features=0.5, RandomForestClassifier__min_samples_leaf=6, RandomForestClassifier__min_samples_split=11, RandomForestClassifier__n_estimators=100)",0.7572631155750539,0,0.83,0.9353452685421992,epsbestlex,0.8820600499423502,0.7779399500576497,1
2,7,"GradientBoostingClassifier(VarianceThreshold(PolynomialFeatures(input_matrix, PolynomialFeatures__degree=2, PolynomialFeatures__include_bias=False, PolynomialFeatures__interaction_only=False), VarianceThreshold__threshold=0.2), GradientBoostingClassifier__learning_rate=0.5, GradientBoostingClassifier__max_depth=3, GradientBoostingClassifier__max_features=0.9500000000000001, GradientBoostingClassifier__min_samples_leaf=15, GradientBoostingClassifier__min_samples_split=3, GradientBoostingClassifier__n_estimators=100, GradientBoostingClassifier__subsample=0.8500000000000001)",0.9862484365228268,2,0.995,0.9952981192476992,epsbestlex,1.0047754692981974,0.9852245307018026,3
1,8,"SGDClassifier(XGBClassifier(input_matrix, XGBClassifier__learning_rate=0.01, XGBClassifier__max_depth=10, XGBClassifier__min_child_weight=2, XGBClassifier__n_estimators=100, XGBClassifier__n_jobs=1, XGBClassifier__subsample=0.6000000000000001, XGBClassifier__verbosity=0), SGDClassifier__alpha=0.01, SGDClassifier__eta0=1.0, SGDClassifier__fit_intercept=False, SGDClassifier__l1_ratio=0.0, SGDClassifier__learning_rate=invscaling, SGDClassifier__loss=modified_huber, SGDClassifier__penalty=elasticnet, SGDClassifier__power_t=1.0)",0.8387500000000001,4,0.855,0.8913,epsbestlex,0.9037986864577316,0.8062013135422683,2
1,8,"XGBClassifier(PolynomialFeatures(input_matrix, PolynomialFeatures__degree=2, PolynomialFeatures__include_bias=False, PolynomialFeatures__interaction_only=False), XGBClassifier__learning_rate=1.0, XGBClassifier__max_depth=9, XGBClassifier__min_child_weight=4, XGBClassifier__n_estimators=100, XGBClassifier__n_jobs=1, XGBClassifier__subsample=0.6000000000000001, XGBClassifier__verbosity=0)",0.9325,3,0.94,0.9705,epsbestlex,0.9729139970225434,0.9070860029774565,2
1,4,"XGBClassifier(GradientBoostingClassifier(PolynomialFeatures(input_matrix, PolynomialFeatures__degree=2, PolynomialFeatures__include_bias=False, PolynomialFeatures__interaction_only=False), GradientBoostingClassifier__learning_rate=0.01, GradientBoostingClassifier__max_depth=5, GradientBoostingClassifier__max_features=0.25, GradientBoostingClassifier__min_samples_leaf=15, GradientBoostingClassifier__min_samples_split=4, GradientBoostingClassifier__n_estimators=100, GradientBoostingClassifier__subsample=0.55), XGBClassifier__learning_rate=0.01, XGBClassifier__max_depth=2, XGBClassifier__min_child_weight=20, XGBClassifier__n_estimators=100, XGBClassifier__n_jobs=1, XGBClassifier__subsample=0.5, XGBClassifier__verbosity=0)",0.935057066916823,2,0.96,0.9768015297906604,epsbestlex,0.9871585566626799,0.93284144333732,3
1,10,"RandomForestClassifier(PolynomialFeatures(input_matrix, PolynomialFeatures__degree=2, PolynomialFeatures__include_bias=False, PolynomialFeatures__interaction_only=False), RandomForestClassifier__bootstrap=True, RandomForestClassifier__criterion=entropy, RandomForestClassifier__max_features=0.7000000000000001, RandomForestClassifier__min_samples_leaf=1, RandomForestClassifier__min_samples_split=15, RandomForestClassifier__n_estimators=100)",0.98625,5,1.0,1.0,epsbestlex,1.0,1.0,2
0,0,"GradientBoostingClassifier(input_matrix, GradientBoostingClassifier__learning_rate=0.5, GradientBoostingClassifier__max_depth=7, GradientBoostingClassifier__max_features=0.9500000000000001, GradientBoostingClassifier__min_samples_leaf=16, GradientBoostingClassifier__min_samples_split=11, GradientBoostingClassifier__n_estimators=100, GradientBoostingClassifier__subsample=0.6500000000000001)",0.8027243589743589,0,0.795,0.886318108974359,epsbestlex,0.8509501903482017,0.7390498096517983,1
2,10,"XGBClassifier(BernoulliNB(RFE(input_matrix, RFE__ExtraTreesClassifier__criterion=entropy, RFE__ExtraTreesClassifier__max_features=0.55, RFE__ExtraTreesClassifier__n_estimators=100, RFE__step=0.9500000000000001), BernoulliNB__alpha=0.01, BernoulliNB__fit_prior=True), XGBClassifier__learning_rate=0.5, XGBClassifier__max_depth=3, XGBClassifier__min_child_weight=15, XGBClassifier__n_estimators=100, XGBClassifier__n_jobs=1, XGBClassifier__subsample=1.0, XGBClassifier__verbosity=0)",0.8953729304499524,5,0.89,0.98552485069339,epsbestlex,0.9333643079040816,0.8466356920959184,3
1,5,"RandomForestClassifier(PolynomialFeatures(input_matrix, PolynomialFeatures__degree=2, PolynomialFeatures__include_bias=False, PolynomialFeatures__interaction_only=False), RandomForestClassifier__bootstrap=True, RandomForestClassifier__criterion=gini, RandomForestClassifier__max_features=1.0, RandomForestClassifier__min_samples_leaf=1, RandomForestClassifier__min_samples_split=9, RandomForestClassifier__n_estimators=100)",0.9836858974358976,2,1.0,0.9992997198879552,epsbestlex,1.0,1.0,2
1,5,"GradientBoostingClassifier(CombineDFs(PolynomialFeatures(input_matrix, PolynomialFeatures__degree=2, PolynomialFeatures__include_bias=False, PolynomialFeatures__interaction_only=False), input_matrix), GradientBoostingClassifier__learning_rate=0.1, GradientBoostingClassifier__max_depth=8, GradientBoostingClassifier__max_features=0.6000000000000001, GradientBoostingClassifier__min_samples_leaf=7, GradientBoostingClassifier__min_samples_split=15, GradientBoostingClassifier__n_estimators=100, GradientBoostingClassifier__subsample=0.9000000000000001)",0.9840076269472932,4,0.995,0.9994900040799674,epsbestlex,1.0047754692981974,0.9852245307018026,2
0,1,"XGBClassifier(input_matrix, XGBClassifier__learning_rate=0.001, XGBClassifier__max_depth=8, XGBClassifier__min_child_weight=1, XGBClassifier__n_estimators=100, XGBClassifier__n_jobs=1, XGBClassifier__subsample=0.5, XGBClassifier__verbosity=0)",0.8574765478424015,1,0.87,0.9386754701880752,epsbestlex,0.916609278046329,0.823390721953671,1
1,1,"MLPClassifier(GradientBoostingClassifier(input_matrix, GradientBoostingClassifier__learning_rate=0.1, GradientBoostingClassifier__max_depth=7, GradientBoostingClassifier__max_features=0.8500000000000001, GradientBoostingClassifier__min_samples_leaf=19, GradientBoostingClassifier__min_samples_split=14, GradientBoostingClassifier__n_estimators=100, GradientBoostingClassifier__subsample=0.9000000000000001), MLPClassifier__alpha=0.1, MLPClassifier__learning_rate_init=0.001)",0.8593636647904941,0,0.845,0.9822562758342576,epsbestlex,0.8951574301574552,0.7948425698425448,2
1,6,"XGBClassifier(PolynomialFeatures(input_matrix, PolynomialFeatures__degree=2, PolynomialFeatures__include_bias=False, PolynomialFeatures__interaction_only=False), XGBClassifier__learning_rate=0.01, XGBClassifier__max_depth=9, XGBClassifier__min_child_weight=2, XGBClassifier__n_estimators=100, XGBClassifier__n_jobs=1, XGBClassifier__subsample=0.55, XGBClassifier__verbosity=0)",0.9787116948092558,2,0.985,0.9992988782051284,epsbestlex,1.0018463111689178,0.9681536888310823,2
1,4,"XGBClassifier(RFE(CombineDFs(input_matrix, input_matrix), RFE__ExtraTreesClassifier__criterion=entropy, RFE__ExtraTreesClassifier__max_features=0.05, RFE__ExtraTreesClassifier__n_estimators=100, RFE__step=0.25), XGBClassifier__learning_rate=0.01, XGBClassifier__max_depth=8, XGBClassifier__min_child_weight=2, XGBClassifier__n_estimators=100, XGBClassifier__n_jobs=1, XGBClassifier__subsample=0.55, XGBClassifier__verbosity=0)",0.8475820825515947,3,0.9,0.8976897689768977,epsbestlex,0.941577878733769,0.8584221212662311,2
2,5,"AdaBoostClassifier(GradientBoostingClassifier(GradientBoostingClassifier(input_matrix, GradientBoostingClassifier__learning_rate=0.1, GradientBoostingClassifier__max_depth=5, GradientBoostingClassifier__max_features=0.7500000000000001, GradientBoostingClassifier__min_samples_leaf=14, GradientBoostingClassifier__min_samples_split=4, GradientBoostingClassifier__n_estimators=100, GradientBoostingClassifier__subsample=1.0), GradientBoostingClassifier__learning_rate=0.1, GradientBoostingClassifier__max_depth=8, GradientBoostingClassifier__max_features=0.55, GradientBoostingClassifier__min_samples_leaf=8, GradientBoostingClassifier__min_samples_split=9, GradientBoostingClassifier__n_estimators=100, GradientBoostingClassifier__subsample=0.8), AdaBoostClassifier__learning_rate=0.01, AdaBoostClassifier__n_estimators=50)",0.8927509380863039,2,0.795,0.8570855078281816,epsbestlex,0.8509501903482017,0.7390498096517983,3
1,9,"MLPClassifier(RFE(GaussianNB(input_matrix), RFE__ExtraTreesClassifier__criterion=gini, RFE__ExtraTreesClassifier__max_features=0.45, RFE__ExtraTreesClassifier__n_estimators=100, RFE__step=0.7500000000000001), MLPClassifier__alpha=0.001, MLPClassifier__learning_rate_init=0.01)",0.837573483427142,4,0.82,0.924812030075188,epsbestlex,0.873245664612248,0.766754335387752,3
2,3,"DecisionTreeClassifier(VarianceThreshold(PolynomialFeatures(input_matrix, PolynomialFeatures__degree=2, PolynomialFeatures__include_bias=False, PolynomialFeatures__interaction_only=False), VarianceThreshold__threshold=0.1), DecisionTreeClassifier__criterion=entropy, DecisionTreeClassifier__max_depth=5, DecisionTreeClassifier__min_samples_leaf=17, DecisionTreeClassifier__min_samples_split=13)",0.9787773608505316,1,0.98,0.9992988782051284,epsbestlex,0.9994030100757588,0.9605969899242411,3
1,3,"RandomForestClassifier(PolynomialFeatures(input_matrix, PolynomialFeatures__degree=2, PolynomialFeatures__include_bias=False, PolynomialFeatures__interaction_only=False), RandomForestClassifier__bootstrap=True, RandomForestClassifier__criterion=entropy, RandomForestClassifier__max_features=0.9500000000000001, RandomForestClassifier__min_samples_leaf=3, RandomForestClassifier__min_samples_split=6, RandomForestClassifier__n_estimators=100)",0.9875,2,1.0,0.9988998899889988,epsbestlex,1.0,1.0,2
1,9,"XGBClassifier(PolynomialFeatures(input_matrix, PolynomialFeatures__degree=2, PolynomialFeatures__include_bias=False, PolynomialFeatures__interaction_only=False), XGBClassifier__learning_rate=0.1, XGBClassifier__max_depth=7, XGBClassifier__min_child_weight=1, XGBClassifier__n_estimators=100, XGBClassifier__n_jobs=1, XGBClassifier__subsample=0.9500000000000001, XGBClassifier__verbosity=0)",0.9813041045390212,4,0.995,0.9974343185550084,epsbestlex,1.0047754692981974,0.9852245307018026,2
1,7,"GradientBoostingClassifier(PolynomialFeatures(input_matrix, PolynomialFeatures__degree=2, PolynomialFeatures__include_bias=False, PolynomialFeatures__interaction_only=False), GradientBoostingClassifier__learning_rate=0.5, GradientBoostingClassifier__max_depth=10, GradientBoostingClassifier__max_features=0.9500000000000001, GradientBoostingClassifier__min_samples_leaf=12, GradientBoostingClassifier__min_samples_split=5, GradientBoostingClassifier__n_estimators=100, GradientBoostingClassifier__subsample=0.7500000000000001)",0.9672873553489728,3,1.0,0.9902824172487096,epsbestlex,1.0,1.0,2
2,12,"AdaBoostClassifier(RandomForestClassifier(PolynomialFeatures(input_matrix, PolynomialFeatures__degree=2, PolynomialFeatures__include_bias=False, PolynomialFeatures__interaction_only=False), RandomForestClassifier__bootstrap=False, RandomForestClassifier__criterion=gini, RandomForestClassifier__max_features=0.6000000000000001, RandomForestClassifier__min_samples_leaf=6, RandomForestClassifier__min_samples_split=20, RandomForestClassifier__n_estimators=100), AdaBoostClassifier__learning_rate=0.1, AdaBoostClassifier__n_estimators=100)",0.9824968730456536,4,0.99,1.0,epsbestlex,1.0037898223338808,0.9762101776661191,3
1,8,"GradientBoostingClassifier(PolynomialFeatures(CombineDFs(input_matrix, input_matrix), PolynomialFeatures__degree=2, PolynomialFeatures__include_bias=False, PolynomialFeatures__interaction_only=False), GradientBoostingClassifier__learning_rate=0.01, GradientBoostingClassifier__max_depth=7, GradientBoostingClassifier__max_features=0.8, GradientBoostingClassifier__min_samples_leaf=3, GradientBoostingClassifier__min_samples_split=5, GradientBoostingClassifier__n_estimators=100, GradientBoostingClassifier__subsample=0.7000000000000001)",0.9913383364602876,5,1.0,0.9972535855965824,epsbestlex,1.0,1.0,2
2,14,"DecisionTreeClassifier(PolynomialFeatures(GaussianNB(input_matrix), PolynomialFeatures__degree=2, PolynomialFeatures__include_bias=False, PolynomialFeatures__interaction_only=False), DecisionTreeClassifier__criterion=entropy, DecisionTreeClassifier__max_depth=9, DecisionTreeClassifier__min_samples_leaf=5, DecisionTreeClassifier__min_samples_split=18)",0.98625,6,0.99,0.98445,epsbestlex,1.0037898223338808,0.9762101776661191,3
1,20,"XGBClassifier(PolynomialFeatures(input_matrix, PolynomialFeatures__degree=2, PolynomialFeatures__include_bias=False, PolynomialFeatures__interaction_only=False), XGBClassifier__learning_rate=0.1, XGBClassifier__max_depth=10, XGBClassifier__min_child_weight=2, XGBClassifier__n_estimators=100, XGBClassifier__n_jobs=1, XGBClassifier__subsample=0.7500000000000001, XGBClassifier__verbosity=0)",0.9825273608505316,10,1.0,0.9978966346153848,epsbestlex,1.0,1.0,2
2,28,"RandomForestClassifier(BernoulliNB(RFE(input_matrix, RFE__ExtraTreesClassifier__criterion=entropy, RFE__ExtraTreesClassifier__max_features=0.8500000000000001, RFE__ExtraTreesClassifier__n_estimators=100, RFE__step=0.45), BernoulliNB__alpha=0.01, BernoulliNB__fit_prior=True), RandomForestClassifier__bootstrap=True, RandomForestClassifier__criterion=gini, RandomForestClassifier__max_features=1.0, RandomForestClassifier__min_samples_leaf=6, RandomForestClassifier__min_samples_split=6, RandomForestClassifier__n_estimators=100)",0.9887742338961852,11,0.97,0.9940277356007692,epsbestlex,0.993642182640357,0.946357817359643,3
2,14,"RandomForestClassifier(RandomForestClassifier(PolynomialFeatures(input_matrix, PolynomialFeatures__degree=2, PolynomialFeatures__include_bias=False, PolynomialFeatures__interaction_only=False), RandomForestClassifier__bootstrap=True, RandomForestClassifier__criterion=entropy, RandomForestClassifier__max_features=0.7500000000000001, RandomForestClassifier__min_samples_leaf=9, RandomForestClassifier__min_samples_split=3, RandomForestClassifier__n_estimators=100), RandomForestClassifier__bootstrap=False, RandomForestClassifier__criterion=entropy, RandomForestClassifier__max_features=0.2, RandomForestClassifier__min_samples_leaf=9, RandomForestClassifier__min_samples_split=17, RandomForestClassifier__n_estimators=100)",0.987530487804878,6,0.99,0.997999799979998,epsbestlex,1.0037898223338808,0.9762101776661191,3
1,4,"DecisionTreeClassifier(PolynomialFeatures(input_matrix, PolynomialFeatures__degree=2, PolynomialFeatures__include_bias=False, PolynomialFeatures__interaction_only=False), DecisionTreeClassifier__criterion=gini, DecisionTreeClassifier__max_depth=9, DecisionTreeClassifier__min_samples_leaf=9, DecisionTreeClassifier__min_samples_split=16)",0.985054721701063,2,0.985,0.9828401771336552,epsbestlex,1.0018463111689178,0.9681536888310823,2
1,7,"RandomForestClassifier(PolynomialFeatures(input_matrix, PolynomialFeatures__degree=2, PolynomialFeatures__include_bias=False, PolynomialFeatures__interaction_only=False), RandomForestClassifier__bootstrap=True, RandomForestClassifier__criterion=gini, RandomForestClassifier__max_features=0.5, RandomForestClassifier__min_samples_leaf=4, RandomForestClassifier__min_samples_split=12, RandomForestClassifier__n_estimators=100)",0.9773608505315824,3,0.99,0.99989898989899,epsbestlex,1.0037898223338808,0.9762101776661191,2
1,18,"GradientBoostingClassifier(PolynomialFeatures(CombineDFs(input_matrix, input_matrix), PolynomialFeatures__degree=2, PolynomialFeatures__include_bias=False, PolynomialFeatures__interaction_only=False), GradientBoostingClassifier__learning_rate=0.001, GradientBoostingClassifier__max_depth=5, GradientBoostingClassifier__max_features=0.6500000000000001, GradientBoostingClassifier__min_samples_leaf=4, GradientBoostingClassifier__min_samples_split=20, GradientBoostingClassifier__n_estimators=100, GradientBoostingClassifier__subsample=0.8500000000000001)",0.9876188242651658,8,1.0,0.9982957393483708,epsbestlex,1.0,1.0,2
2,6,"GradientBoostingClassifier(Binarizer(RFE(input_matrix, RFE__ExtraTreesClassifier__criterion=gini, RFE__ExtraTreesClassifier__max_features=0.9500000000000001, RFE__ExtraTreesClassifier__n_estimators=100, RFE__step=0.05), Binarizer__threshold=0.1), GradientBoostingClassifier__learning_rate=0.01, GradientBoostingClassifier__max_depth=5, GradientBoostingClassifier__max_features=0.8500000000000001, GradientBoostingClassifier__min_samples_leaf=18, GradientBoostingClassifier__min_samples_split=15, GradientBoostingClassifier__n_estimators=100, GradientBoostingClassifier__subsample=0.6500000000000001)",0.8235045340838024,2,0.85,0.8952380952380952,epsbestlex,0.8994875741979742,0.8005124258020258,3
2,15,"GradientBoostingClassifier(ZeroCount(PolynomialFeatures(input_matrix, PolynomialFeatures__degree=2, PolynomialFeatures__include_bias=False, PolynomialFeatures__interaction_only=False)), GradientBoostingClassifier__learning_rate=0.01, GradientBoostingClassifier__max_depth=4, GradientBoostingClassifier__max_features=0.6000000000000001, GradientBoostingClassifier__min_samples_leaf=13, GradientBoostingClassifier__min_samples_split=17, GradientBoostingClassifier__n_estimators=100, GradientBoostingClassifier__subsample=1.0)",0.9874679487179486,5,0.995,0.9972997299729972,epsbestlex,1.0047754692981974,0.9852245307018026,3
1,5,"GradientBoostingClassifier(RFE(input_matrix, RFE__ExtraTreesClassifier__criterion=gini, RFE__ExtraTreesClassifier__max_features=0.45, RFE__ExtraTreesClassifier__n_estimators=100, RFE__step=0.6000000000000001), GradientBoostingClassifier__learning_rate=1.0, GradientBoostingClassifier__max_depth=9, GradientBoostingClassifier__max_features=0.55, GradientBoostingClassifier__min_samples_leaf=3, GradientBoostingClassifier__min_samples_split=7, GradientBoostingClassifier__n_estimators=100, GradientBoostingClassifier__subsample=0.9500000000000001)",0.9139673233270796,2,0.875,0.9699919710959454,epsbestlex,0.9208353029879808,0.8291646970120192,2
1,3,"DecisionTreeClassifier(PolynomialFeatures(input_matrix, PolynomialFeatures__degree=2, PolynomialFeatures__include_bias=False, PolynomialFeatures__interaction_only=False), DecisionTreeClassifier__criterion=gini, DecisionTreeClassifier__max_depth=4, DecisionTreeClassifier__min_samples_leaf=17, DecisionTreeClassifier__min_samples_split=8)",0.9753001876172608,1,0.985,0.9818337359098228,epsbestlex,1.0018463111689178,0.9681536888310823,2
1,6,"RandomForestClassifier(PolynomialFeatures(input_matrix, PolynomialFeatures__degree=2, PolynomialFeatures__include_bias=False, PolynomialFeatures__interaction_only=False), RandomForestClassifier__bootstrap=False, RandomForestClassifier__criterion=gini, RandomForestClassifier__max_features=0.45, RandomForestClassifier__min_samples_leaf=17, RandomForestClassifier__min_samples_split=9, RandomForestClassifier__n_estimators=100)",0.9813688242651658,3,0.98,0.9984945804897633,epsbestlex,0.9994030100757588,0.9605969899242411,2
1,3,"GradientBoostingClassifier(PolynomialFeatures(input_matrix, PolynomialFeatures__degree=2, PolynomialFeatures__include_bias=False, PolynomialFeatures__interaction_only=False), GradientBoostingClassifier__learning_rate=0.01, GradientBoostingClassifier__max_depth=9, GradientBoostingClassifier__max_features=0.7000000000000001, GradientBoostingClassifier__min_samples_leaf=11, GradientBoostingClassifier__min_samples_split=3, GradientBoostingClassifier__n_estimators=100, GradientBoostingClassifier__subsample=0.8500000000000001)",0.9784552845528456,2,1.0,0.997277951406392,epsbestlex,1.0,1.0,2
1,5,"GradientBoostingClassifier(PolynomialFeatures(input_matrix, PolynomialFeatures__degree=2, PolynomialFeatures__include_bias=False, PolynomialFeatures__interaction_only=False), GradientBoostingClassifier__learning_rate=0.1, GradientBoostingClassifier__max_depth=10, GradientBoostingClassifier__max_features=0.6000000000000001, GradientBoostingClassifier__min_samples_leaf=4, GradientBoostingClassifier__min_samples_split=13, GradientBoostingClassifier__n_estimators=100, GradientBoostingClassifier__subsample=0.6000000000000001)",0.9824648217636024,3,1.0,1.0,epsbestlex,1.0,1.0,2
